,tempMean,psalMean,tempStd,psalStd,startDate,endDate,nProf
0,17.04674983,36.36796474,0.093750361,0.022252576,1/1/04,1/13/04,8
1,17.26283296,36.4501133,0.386576734,0.087607794,1/14/04,1/26/04,6
2,17.08680019,36.40299416,0.366742374,0.054226865,1/27/04,2/8/04,10
3,17.36749999,36.45523643,0.239902564,0.060579312,2/9/04,2/21/04,6
4,16.29199982,36.28429222,0.213447096,0.041899957,2/22/04,3/5/04,6
5,17.22119999,36.44169083,0.248674976,0.066711941,3/6/04,3/18/04,10
6,17.37316672,36.55111694,0.166322818,0.033940682,3/19/04,3/30/04,6
7,16.96250025,36.43442599,0.183409457,0.070159716,3/31/04,4/11/04,6
8,16.85483329,36.44489415,0.541516018,0.094924739,4/12/04,4/23/04,8
9,17.21040001,36.48108902,0.585943081,0.106845731,4/24/04,5/5/04,10
10,17.24807153,36.46347209,0.345570335,0.062192434,5/6/04,5/17/04,14
11,17.48716672,36.44874001,0.491416272,0.111010052,5/18/04,5/29/04,6
12,18.22670002,36.46481133,0.673217821,0.098492135,5/30/04,6/10/04,10
13,19.69958353,36.50519753,0.923989222,0.081532288,6/11/04,6/22/04,12
14,21.05090008,36.56101935,1.435006908,0.102838838,6/23/04,7/4/04,10
15,21.51614285,36.67549488,0.248784493,0.041416739,7/5/04,7/16/04,14
16,21.98749981,36.70823555,0.457768277,0.021933803,7/17/04,7/28/04,10
17,22.92629967,36.69594727,1.027510945,0.053222516,7/29/04,8/9/04,10
18,23.85374991,36.71103986,0.851277205,0.069846492,8/10/04,8/21/04,12
19,23.25299988,36.64710846,0.88267412,0.134597138,8/22/04,9/2/04,10
20,22.93258333,36.61054516,0.74283293,0.167627514,9/3/04,9/14/04,12
21,22.64899993,36.69711208,0.743543704,0.133846811,9/15/04,9/26/04,8
22,22.54974985,36.65979528,0.619905824,0.20999577,9/27/04,10/8/04,8
23,22.35750008,36.83150101,0.67203769,0.104500258,10/9/04,10/20/04,4
24,21.66585704,36.62254497,0.955654745,0.193733509,10/21/04,11/1/04,8
25,20.21916691,36.55890846,1.058297227,0.166295232,11/2/04,11/13/04,12
26,19.65300012,36.65092802,1.071605633,0.145402142,11/14/04,11/25/04,8
27,19.78125,36.65400028,1.086313413,0.223446733,11/26/04,12/7/04,4
28,17.87450004,36.47835398,1.026610208,0.179177217,12/8/04,12/19/04,8
29,17.11662459,36.40274525,0.967138471,0.200626744,12/20/04,12/31/04,8
30,16.57749987,36.37592628,0.890329875,0.179887932,1/1/05,1/13/05,12
31,16.484375,36.39683533,1.026047723,0.183843526,1/14/05,1/26/05,8
32,15.99525023,36.33836651,1.013888585,0.171654237,1/27/05,2/8/05,8
33,15.51183327,36.27962049,0.750234126,0.131672836,2/9/05,2/21/05,12
34,16.02650023,36.39016279,0.430689745,0.061490369,2/22/05,3/6/05,6
35,15.90675008,36.32615757,0.34623804,0.026140056,3/7/05,3/18/05,8
36,15.89812493,36.27259874,0.668011508,0.130504553,3/19/05,3/30/05,8
37,16.40875018,36.25548649,0.866079732,0.17827691,3/31/05,4/11/05,8
38,16.04699993,36.24011285,0.634534987,0.118921285,4/12/05,4/23/05,7
39,17.03129988,36.35072136,0.828769741,0.170541958,4/24/05,5/5/05,10
40,17.871143,36.46102301,0.998382391,0.190323767,5/6/05,5/17/05,14
41,18.44650002,36.49057484,0.418631881,0.089413622,5/18/05,5/29/05,10
42,18.51966667,36.48102697,0.079813827,0.074392777,5/30/05,6/10/05,6
43,19.39274979,36.50174904,0.481871975,0.217971117,6/11/05,6/22/05,4
44,20.19449997,36.45533085,0.571450494,0.134525145,6/23/05,7/4/05,8
45,20.50916672,36.48766022,0.590320259,0.144953083,7/5/05,7/16/05,12
46,21.21649981,36.7329998,1.092856,0.022628474,7/17/05,7/28/05,4
47,22.02725005,36.6032238,0.456115796,0.085637584,7/29/05,8/9/05,8
48,22.52549982,36.64451154,0.375989817,0.094106876,8/10/05,8/21/05,8
49,22.06612492,36.69900449,0.699050901,0.13315573,8/22/05,9/2/05,8
50,22.75540009,36.78595734,0.677848094,0.10911814,9/3/05,9/14/05,10
51,22.49537468,36.80897522,0.61816696,0.102191347,9/15/05,9/26/05,8
52,21.4096667,36.62568932,1.063414609,0.204622246,9/27/05,10/8/05,12
53,20.68787495,36.45705787,1.000745423,0.171609909,10/9/05,10/20/05,48
54,20.73253844,36.48801672,0.784461914,0.134949122,10/21/05,11/1/05,26
55,20.40774989,36.49125735,0.685499544,0.16255857,11/2/05,11/13/05,24
56,18.65707139,36.40699904,0.700078584,0.173665449,11/14/05,11/25/05,14
57,17.75439987,36.38142885,0.934131879,0.170456409,11/26/05,12/7/05,15
58,17.25590931,36.39159151,0.778192989,0.123749029,12/8/05,12/19/05,22
59,16.96030025,36.42399979,1.118932815,0.184251135,12/20/05,12/31/05,10
60,16.27141678,36.37462505,0.887169199,0.147471994,1/1/06,1/13/06,24
61,16.08255535,36.38577694,0.748710777,0.124710285,1/14/06,1/26/06,18
62,15.64150003,36.32696196,0.664304067,0.114600904,1/27/06,2/8/06,26
63,15.6394001,36.32370033,0.809017772,0.130754539,2/9/06,2/21/06,20
64,15.11188889,36.25599967,0.655811497,0.097965961,2/22/06,3/6/06,18
65,15.27609997,36.27866703,0.612855378,0.105559847,3/7/06,3/18/06,20
66,15.67721051,36.31211718,0.597508385,0.118510469,3/19/06,3/30/06,20
67,15.99208331,36.26377763,0.669911115,0.127444642,3/31/06,4/11/06,24
68,16.61802945,36.27783625,0.571299003,0.098151458,4/12/06,4/23/06,34
69,16.61690911,36.27923374,0.491862167,0.123257648,4/24/06,5/5/06,22
70,17.34095011,36.35252399,0.552749917,0.09610762,5/6/06,5/17/06,20
71,18.35905008,36.40533695,0.711843638,0.098622354,5/18/06,5/29/06,20
72,19.15075016,36.4343483,0.631892842,0.092205275,5/30/06,6/10/06,20
73,19.75435707,36.44581236,0.625043726,0.082621446,6/11/06,6/22/06,28
74,20.0430501,36.48659534,0.443658818,0.064756056,6/23/06,7/4/06,20
75,20.54755011,36.48960094,0.684985765,0.058337785,7/5/06,7/16/06,20
76,20.88429976,36.43872108,0.817531666,0.095347528,7/17/06,7/28/06,20
77,21.79884996,36.51637611,0.731237558,0.09840485,7/29/06,8/9/06,20
78,21.89024987,36.46776417,0.949666101,0.12291485,8/10/06,8/21/06,28
79,22.00847626,36.56729088,0.571463301,0.105653324,8/22/06,9/2/06,21
80,22.89174986,36.6676321,0.50592354,0.104506211,9/3/06,9/14/06,8
81,22.737857,36.6743482,0.573913852,0.056833214,9/15/06,9/26/06,14
82,22.58488878,36.62353849,0.411139335,0.085441085,9/27/06,10/8/06,18
83,21.99169429,36.54581589,0.701753263,0.123769689,10/9/06,10/20/06,36
84,21.29695459,36.49958096,0.701084374,0.177182674,10/21/06,11/1/06,22
85,20.96322872,36.4833705,0.508845253,0.172026521,11/2/06,11/13/06,35
86,20.36160011,36.46333038,0.615237867,0.133107054,11/14/06,11/25/06,25
87,19.53139285,36.45282578,0.63998373,0.132396619,11/26/06,12/7/06,28
88,18.90834285,36.49693178,0.566423127,0.093377542,12/8/06,12/19/06,35
89,18.4704,36.52871904,0.701772404,0.122191104,12/20/06,12/31/06,40
90,17.96839587,36.4722995,0.643787177,0.115823614,1/1/07,1/13/07,48
91,17.87794282,36.49376221,0.703370869,0.136276026,1/14/07,1/26/07,35
92,17.33593476,36.47124065,0.734254616,0.128020434,1/27/07,2/8/07,46
93,17.18541686,36.42492306,0.554138967,0.092510037,2/9/07,2/21/07,36
94,17.17102874,36.40618168,0.704709966,0.147594888,2/22/07,3/6/07,35
95,16.86123528,36.35120454,0.789352215,0.147929944,3/7/07,3/18/07,51
96,16.72395122,36.39222689,0.83147006,0.161817312,3/19/07,3/30/07,41
97,16.80181833,36.43586128,0.723476721,0.122569747,3/31/07,4/11/07,33
98,16.87986485,36.36945092,0.86735905,0.17834914,4/12/07,4/23/07,37
99,17.26069693,36.40878111,0.738842161,0.163498742,4/24/07,5/5/07,33
100,17.67226833,36.46424484,0.551792226,0.112120812,5/6/07,5/17/07,41
101,17.74004343,36.43330903,0.609874741,0.092666057,5/18/07,5/29/07,46
102,18.37482908,36.44887396,0.692630925,0.13529681,5/30/07,6/10/07,41
103,19.63901629,36.46730785,0.744851711,0.14222763,6/11/07,6/22/07,61
104,20.248511,36.57907193,0.718424666,0.130733161,6/23/07,7/4/07,45
105,20.65598121,36.65759719,0.601529523,0.110960639,7/5/07,7/16/07,53
106,21.13930943,36.6611289,0.541180546,0.082257082,7/17/07,7/28/07,42
107,21.97244183,36.69634824,0.623965371,0.099455513,7/29/07,8/9/07,45
108,22.0009332,36.68707435,0.401750305,0.126242133,8/10/07,8/21/07,45
109,21.73235567,36.70902705,0.573797134,0.157622271,8/22/07,9/2/07,45
110,22.33410205,36.76253907,0.665427261,0.105060409,9/3/07,9/14/07,49
111,22.37263062,36.7788307,0.489879134,0.055510051,9/15/07,9/26/07,46
112,22.20632726,36.82986169,0.675123048,0.077635739,9/27/07,10/8/07,55
113,21.96379644,36.78088922,0.461169261,0.109060123,10/9/07,10/20/07,54
114,21.73016659,36.76467282,0.466303266,0.116331475,10/21/07,11/1/07,48
115,21.09682992,36.75909397,0.590016718,0.117933771,11/2/07,11/13/07,47
116,20.78605175,36.77510118,0.528749264,0.092040557,11/14/07,11/25/07,58
117,19.95766078,36.74167329,0.663358464,0.126129269,11/26/07,12/7/07,56
118,19.36058822,36.68909633,0.524196912,0.103247792,12/8/07,12/19/07,51
119,18.87884323,36.64780106,0.562681246,0.093400146,12/20/07,12/31/07,51
120,18.45273137,36.61363547,0.604465326,0.086520458,1/1/08,1/13/08,67
121,18.20271155,36.60317169,0.52327226,0.071580397,1/14/08,1/26/08,52
122,17.96631372,36.59730039,0.554561293,0.069472291,1/27/08,2/8/08,51
123,17.83561828,36.58626751,0.599696712,0.074470941,2/9/08,2/21/08,55
124,17.94825006,36.57859079,0.462079058,0.070765106,2/22/08,3/5/08,48
125,17.75507689,36.56592083,0.298799049,0.066858748,3/6/08,3/18/08,52
126,17.38913152,36.52211802,0.527052349,0.099721648,3/19/08,3/30/08,38
127,17.58474992,36.53766043,0.335911302,0.081166935,3/31/08,4/11/08,44
128,17.62372342,36.53616755,0.278901143,0.076619174,4/12/08,4/23/08,47
129,18.12300006,36.55591427,0.245989211,0.066407998,4/24/08,5/5/08,44
130,18.67108702,36.5396639,0.545576834,0.129477054,5/6/08,5/17/08,46
131,19.04270593,36.5396549,0.804113506,0.174332184,5/18/08,5/29/08,34
132,19.4429317,36.56954661,0.744935261,0.156826165,5/30/08,6/10/08,44
133,20.31424459,36.66717597,0.741166114,0.148552858,6/11/08,6/22/08,45
134,20.98341858,36.61602987,0.865209513,0.218578364,6/23/08,7/4/08,43
135,21.81486837,36.73197044,0.555551924,0.165568229,7/5/08,7/16/08,38
136,22.08119575,36.87437953,1.220860629,0.402073939,7/17/08,7/28/08,48
137,22.54222507,36.72756872,0.704475739,0.172752295,7/29/08,8/9/08,40
138,22.72915152,36.77079183,0.665419218,0.133115447,8/10/08,8/21/08,33
139,22.87881104,36.74946718,0.541404311,0.13976032,8/22/08,9/2/08,38
140,23.39367495,36.85435362,0.698959901,0.109841776,9/3/08,9/14/08,40
141,22.91235899,36.83233359,0.509231743,0.106468461,9/15/08,9/26/08,40
142,22.6530714,36.80495862,0.267667681,0.104911919,9/27/08,10/8/08,42
143,22.10514297,36.78990533,0.348027958,0.112170037,10/9/08,10/20/08,35
144,21.39412917,36.74790339,0.551964746,0.104365736,10/21/08,11/1/08,31
145,20.13839979,36.72700729,0.338906193,0.084207443,11/2/08,11/13/08,20
146,19.91553559,36.79630157,0.520532551,0.101000861,11/14/08,11/25/08,28
147,18.8827499,36.69782121,0.51723071,0.082753892,11/26/08,12/7/08,28
148,18.13840622,36.65483415,0.686025007,0.089171302,12/8/08,12/19/08,32
149,17.73433327,36.60206072,0.649829485,0.087637966,12/20/08,12/31/08,33
150,18.04465121,36.64583188,0.662857631,0.084556613,1/1/09,1/13/09,43
151,17.72521945,36.6211025,0.656164134,0.09920979,1/14/09,1/26/09,42
152,16.93334083,36.50570644,0.695446389,0.111435598,1/27/09,2/8/09,44
153,16.87194119,36.51970254,0.585067103,0.098394192,2/9/09,2/21/09,51
154,16.57854837,36.46232224,0.599344343,0.095868117,2/22/09,3/6/09,31
155,16.36534206,36.4346978,0.643008084,0.114607833,3/7/09,3/18/09,38
156,16.97305712,36.4780947,0.459623637,0.075728927,3/19/09,3/30/09,35
157,17.28243752,36.54819322,0.410996318,0.07199411,3/31/09,4/11/09,48
158,17.40531813,36.55815046,0.635231952,0.131898981,4/12/09,4/23/09,44
159,17.54048641,36.5391092,0.565364672,0.093624882,4/24/09,5/5/09,37
160,17.96117659,36.55857271,0.650150754,0.086225263,5/6/09,5/17/09,35
161,18.47974992,36.5826184,0.568780056,0.103032803,5/18/09,5/29/09,24
162,19.20294122,36.62450532,0.574964642,0.117256922,5/30/09,6/10/09,34
163,19.8174687,36.56873274,0.734280962,0.116860361,6/11/09,6/22/09,32
164,21.04405413,36.60589321,0.933352139,0.133784989,6/23/09,7/4/09,37
165,21.85219034,36.56889325,1.35066034,0.222458234,7/5/09,7/16/09,42
166,22.06547737,36.60497978,1.197328912,0.250461609,7/17/09,7/28/09,44
167,22.70105127,36.65248881,0.706121217,0.189648424,7/29/09,8/9/09,39
168,22.82232352,36.60664424,0.845559852,0.226595841,8/10/09,8/21/09,34
169,22.83365724,36.70941206,0.853418811,0.193992499,8/22/09,9/2/09,35
170,22.93075002,36.81036334,0.344040941,0.065875351,9/3/09,9/14/09,44
171,22.70219049,36.83832632,0.422235511,0.093765965,9/15/09,9/26/09,42
172,22.6069143,36.79598901,0.340971758,0.128403934,9/27/09,10/8/09,35
173,22.58416672,36.73060048,0.717703504,0.218186789,10/9/09,10/20/09,30
174,22.31469987,36.70311724,0.792793131,0.197729079,10/21/09,11/1/09,30
175,21.66769223,36.63169069,0.701943811,0.173360043,11/2/09,11/13/09,39
176,20.94085721,36.64316177,0.718650698,0.240356255,11/14/09,11/25/09,39
177,20.59973812,36.66607848,0.969619967,0.188256404,11/26/09,12/7/09,42
178,19.75076314,36.62009059,0.654512702,0.135121646,12/8/09,12/19/09,38
179,18.70199987,36.48238008,0.991127176,0.193243891,12/20/09,12/31/09,46
180,18.01464289,36.47801883,1.140382303,0.200300483,1/1/10,1/13/10,56
181,17.53197883,36.42964692,1.066905203,0.174775512,1/14/10,1/26/10,47
182,17.43797215,36.46759288,0.849622586,0.148525841,1/27/10,2/8/10,36
183,17.304943,36.46319722,0.587892684,0.126177889,2/9/10,2/21/10,35
184,16.95750007,36.39359868,0.704757001,0.133891132,2/22/10,3/6/10,32
185,16.88017624,36.38770822,0.595159789,0.120734632,3/7/10,3/18/10,34
186,16.84575864,36.37788141,0.922356098,0.165839714,3/19/10,3/30/10,29
187,17.00093165,36.40414949,0.883114939,0.162952275,3/31/10,4/11/10,44
188,17.36660004,36.41267102,0.648305033,0.15605968,4/12/10,4/23/10,40
189,17.95792004,36.42193085,0.75781713,0.153686317,4/24/10,5/5/10,50
190,18.26281629,36.48287863,0.74319547,0.165654686,5/6/10,5/17/10,49
191,18.34472726,36.46335856,0.716414925,0.131494102,5/18/10,5/29/10,33
192,18.90563896,36.46637101,0.696061576,0.150966805,5/30/10,6/10/10,36
193,19.54761113,36.5238231,0.691421488,0.136833974,6/11/10,6/22/10,36
194,19.76582205,36.49466875,0.881562535,0.154805389,6/23/10,7/4/10,45
195,20.57213997,36.5631868,0.785874987,0.118759509,7/5/10,7/16/10,50
196,20.93381398,36.53417694,0.769643783,0.135708003,7/17/10,7/28/10,43
197,21.40233341,36.55873617,0.691827614,0.103512146,7/29/10,8/9/10,45
198,21.47992861,36.54661369,0.531061503,0.102679439,8/10/10,8/21/10,42
199,22.51746519,36.6222646,0.791752065,0.111163131,8/22/10,9/2/10,43
200,22.87382611,36.598577,0.874429837,0.137043399,9/3/10,9/14/10,46
201,22.76881063,36.61027135,0.703934006,0.18046039,9/15/10,9/26/10,37
202,22.48709302,36.61011399,0.622919421,0.168174262,9/27/10,10/8/10,43
203,22.05576911,36.66059807,0.5581016,0.140296084,10/9/10,10/20/10,39
204,21.84276933,36.66496825,0.447557292,0.076226472,10/21/10,11/1/10,39
205,20.89192849,36.63301958,0.504298088,0.11366815,11/2/10,11/13/10,42
206,20.12623083,36.56999383,0.750643253,0.18325659,11/14/10,11/25/10,26
207,19.51642406,36.55904388,0.995467829,0.139026934,11/26/10,12/7/10,33
208,19.06936658,36.59418513,0.57862647,0.070604998,12/8/10,12/19/10,30
209,18.39513327,36.54069901,0.699887059,0.087749378,12/20/10,12/31/10,30
210,17.5277646,36.41490869,0.905849268,0.162609609,1/1/11,1/13/11,34
211,17.76234619,36.44537192,1.081182543,0.194965006,1/14/11,1/26/11,26
212,17.19983766,36.43193642,0.875745248,0.138671655,1/27/11,2/8/11,37
213,16.55791422,36.3685985,0.828216975,0.153035702,2/9/11,2/21/11,35
214,16.7799999,36.41160715,0.834084974,0.147045941,2/22/11,3/6/11,29
215,16.58103572,36.41040461,0.918620782,0.159786236,3/7/11,3/18/11,28
216,17.24817246,36.47853444,0.733579452,0.122563139,3/19/11,3/30/11,29
217,16.91392025,36.39181946,0.580191006,0.084305269,3/31/11,4/11/11,25
218,17.23515792,36.37136479,0.775082756,0.111928376,4/12/11,4/23/11,19
219,17.39316662,36.40737025,0.87451656,0.136488764,4/24/11,5/5/11,24
220,17.99404335,36.38110368,0.749205147,0.110990295,5/6/11,5/17/11,23
221,19.0122174,36.52143346,1.334062605,0.179745143,5/18/11,5/29/11,23
222,18.82864305,36.45516368,1.4315028,0.154615559,5/30/11,6/10/11,28
223,19.43533325,36.45041348,1.374331206,0.126787837,6/11/11,6/22/11,21
224,19.66398117,36.44613518,1.214876991,0.149081331,6/23/11,7/4/11,53
225,20.10135288,36.4879667,1.147150375,0.146443255,7/5/11,7/16/11,51
226,20.68917035,36.55295863,0.435111515,0.097509301,7/17/11,7/28/11,47
227,21.12926927,36.583574,0.450772002,0.098591275,7/29/11,8/9/11,52
228,21.83575537,36.67555974,0.479502687,0.113975357,8/10/11,8/21/11,45
229,22.51969225,36.68667876,0.291657921,0.073344161,8/22/11,9/2/11,39
230,22.59795008,36.6748024,0.349056536,0.091726202,9/3/11,9/14/11,40
231,22.3692667,36.6961338,0.397530151,0.086084728,9/15/11,9/26/11,35
232,22.66492096,36.71347718,0.408447404,0.102601204,9/27/11,10/8/11,43
233,22.70888233,36.77673923,0.198448583,0.068545739,10/9/11,10/20/11,39
234,22.1365162,36.75897758,0.247562012,0.057107486,10/21/11,11/1/11,36
235,21.13763162,36.57472811,0.297646658,0.118740806,11/2/11,11/13/11,43
236,19.54216133,36.53296698,0.975680748,0.142865148,11/14/11,11/25/11,36
237,18.8571113,36.54323493,0.766887975,0.117171362,11/26/11,12/7/11,41
238,18.63139538,36.57954726,0.878675713,0.176869515,12/8/11,12/19/11,48
239,18.05223088,36.51280985,0.52110867,0.114971951,12/20/11,12/31/11,44
240,17.41035365,36.48172467,0.782890119,0.150642001,1/1/12,1/13/12,75
241,18.02929974,36.65410957,0.493235653,0.065389877,1/14/12,1/26/12,16
242,17.2909166,36.55103302,0.315383474,0.067786722,1/27/12,2/8/12,17
243,16.54995246,36.47704842,0.309418664,0.046143994,2/9/12,2/21/12,26
244,16.56221079,36.48642269,0.434392211,0.071280383,2/22/12,3/5/12,19
245,16.5579998,36.48313192,0.514247164,0.081916819,3/6/12,3/18/12,15
246,17.03713052,36.5425833,0.442772999,0.075260276,3/19/12,3/30/12,23
247,17.28323818,36.51914851,0.27710832,0.07693385,3/31/12,4/11/12,21
248,17.39558347,36.55989806,0.28503457,0.057871324,4/12/12,4/23/12,12
249,17.65289974,36.59278412,0.15739718,0.034383367,4/24/12,5/5/12,10
250,17.90106441,36.47405514,0.67495487,0.092823043,5/6/12,5/17/12,31
251,17.91891222,36.39140828,1.229119536,0.146905188,5/18/12,5/29/12,62
252,18.82356359,36.41682462,1.235460074,0.162966479,5/30/12,6/10/12,60
253,20.06939219,36.47647431,0.826612266,0.13485896,6/11/12,6/22/12,51
254,20.56533333,36.45539941,1.05881202,0.166061274,6/23/12,7/4/12,54
255,20.77754704,36.52501808,0.868583161,0.097348651,7/5/12,7/16/12,53
256,21.06870956,36.56830234,1.087378714,0.116047615,7/17/12,7/28/12,62
257,21.73653342,36.58155575,0.904211299,0.080780988,7/29/12,8/9/12,60
258,22.54749993,36.62253071,0.941695448,0.098060158,8/10/12,8/21/12,42
259,23.11142108,36.6762366,0.961777574,0.097472439,8/22/12,9/2/12,38
260,23.20264435,36.63870053,0.563967492,0.151859388,9/3/12,9/14/12,45
261,22.90333925,36.60925225,1.659123509,0.184363552,9/15/12,9/26/12,56
262,22.69853344,36.6236728,1.43849459,0.173841727,9/27/12,10/8/12,60
263,22.72086766,36.62143079,0.900725439,0.180585549,10/9/12,10/20/12,68
264,22.02393828,36.62880358,0.782343591,0.188050417,10/21/12,11/1/12,81
265,20.99124643,36.54345255,0.848064419,0.125266279,11/2/12,11/13/12,69
266,20.05418576,36.55390135,0.797428555,0.095261749,11/14/12,11/25/12,70
267,18.95106053,36.54093956,0.789271499,0.078110475,11/26/12,12/7/12,66
268,18.02547555,36.48957885,0.825902444,0.113200824,12/8/12,12/19/12,82
269,17.86390119,36.48463214,0.918416939,0.132420321,12/20/12,12/31/12,81
270,17.44194028,36.46526433,0.825738367,0.136153748,1/1/13,1/13/13,67
271,17.54992552,36.47191445,0.723642775,0.101004586,1/14/13,1/26/13,94
272,17.53572004,36.48880493,0.51469752,0.115321872,1/27/13,2/8/13,100
273,16.58223005,36.41700255,0.773086441,0.108054089,2/9/13,2/21/13,113
274,16.46728859,36.3970985,0.590307301,0.074416873,2/22/13,3/6/13,104
275,16.06448323,36.3419871,0.616786836,0.087662713,3/7/13,3/18/13,120
276,16.20807693,36.34771107,0.913578033,0.126008527,3/19/13,3/30/13,83
277,16.63521273,36.36228233,0.6261982,0.093945875,3/31/13,4/11/13,94
278,17.17923304,36.31140185,0.664438021,0.138404232,4/12/13,4/23/13,103
279,17.27358885,36.35146552,0.74229236,0.116546251,4/24/13,5/5/13,90
280,17.8308334,36.40203456,0.768958261,0.114967436,5/6/13,5/17/13,114
281,17.97975257,36.48788543,0.670170858,0.098070863,5/18/13,5/29/13,97
282,18.02265622,36.46834679,0.677715009,0.137763078,5/30/13,6/10/13,96
283,18.78409679,36.43475961,0.658648552,0.097049308,6/11/13,6/22/13,93
284,19.06406019,36.4804232,0.680427792,0.095335053,6/23/13,7/4/13,83
285,20.27969041,36.56652608,0.617259823,0.072037743,7/5/13,7/16/13,126
286,20.78893023,36.53015855,0.888939821,0.115694972,7/17/13,7/28/13,129
287,21.83786612,36.59919967,0.800311288,0.127035823,7/29/13,8/9/13,112
288,22.04786775,36.63411568,0.558855974,0.121575639,8/10/13,8/21/13,121
289,22.26009993,36.70103333,0.435909333,0.136876891,8/22/13,9/2/13,110
290,22.24121736,36.71621276,0.41427058,0.085254571,9/3/13,9/14/13,138
291,22.35199999,36.7112643,0.45598135,0.067663043,9/15/13,9/26/13,121
292,22.35547108,36.6788837,0.529228736,0.081195585,9/27/13,10/8/13,104
293,22.40048303,36.69860746,0.533326002,0.134288292,10/9/13,10/20/13,118
294,22.03800005,36.64930866,0.48165828,0.105835644,10/21/13,11/1/13,98
295,21.20494593,36.62913534,0.509809841,0.116799372,11/2/13,11/13/13,148
296,20.22968795,36.60818549,0.548694061,0.104666008,11/14/13,11/25/13,141
297,19.45374187,36.59908993,0.472806829,0.094607962,11/26/13,12/7/13,124
298,18.86325875,36.57801784,0.715155144,0.110248014,12/8/13,12/19/13,143
299,18.20586612,36.52903342,0.794265648,0.129442379,12/20/13,12/31/13,127
300,18.20061316,36.56602431,0.538514406,0.09847319,1/1/14,1/13/14,137
301,17.68126885,36.5366996,0.847023156,0.136700208,1/14/14,1/26/14,119
302,17.43861871,36.53388642,0.709623684,0.111454931,1/27/14,2/8/14,139
303,16.8152321,36.46244916,0.696057019,0.115159267,2/9/14,2/21/14,125
304,16.11499998,36.80324701,1.553334654,0.711459795,2/22/14,3/6/14,137
305,16.79083014,36.4529664,0.831083005,0.163396001,3/7/14,3/18/14,106
306,16.99870729,36.49156087,0.552099933,0.102549034,3/19/14,3/30/14,123
307,16.85991918,36.43949817,0.602535372,0.081178174,3/31/14,4/11/14,99
308,17.61371819,36.43838962,0.58156061,0.083886107,4/12/14,4/23/14,110
309,17.8680702,36.45456234,0.384963942,0.084559355,4/24/14,5/5/14,114
310,18.33798943,36.45949825,0.538464406,0.107756349,5/6/14,5/17/14,96
311,18.37506094,36.42511889,0.827006627,0.168036245,5/18/14,5/29/14,82
312,18.63921057,36.44670446,0.717516578,0.160187372,5/30/14,6/10/14,95
313,19.73730529,36.43270604,0.803693108,0.161924797,6/11/14,6/22/14,98
314,20.67761265,36.54122612,0.589563331,0.165647885,6/23/14,7/4/14,111
315,20.94037039,36.56855296,0.540410737,0.175886084,7/5/14,7/16/14,135
316,21.58591091,36.51270953,0.665154813,0.155295788,7/17/14,7/28/14,146
317,22.03277784,36.6164407,0.604594582,0.155628793,7/29/14,8/9/14,108
318,22.87255946,36.58883342,0.682836734,0.129348484,8/10/14,8/21/14,177
319,23.53220565,36.61681198,1.177136714,0.118767801,8/22/14,9/2/14,109
320,23.76821492,36.51988901,0.592981208,0.180571945,9/3/14,9/14/14,214
321,23.31281422,36.59768325,0.536517418,0.163028486,9/15/14,9/26/14,141
322,23.12254536,36.57856566,0.584266623,0.188801318,9/27/14,10/8/14,143
323,22.64129275,36.62107373,0.421417786,0.136038161,10/9/14,10/20/14,222
324,22.4813641,36.53912014,0.623601173,0.228391528,10/21/14,11/1/14,176
325,21.79084235,36.56995149,0.665326768,0.173737873,11/2/14,11/13/14,184
326,20.84254242,36.54665213,0.493438254,0.143679671,11/14/14,11/25/14,177
327,19.19054615,36.44765954,0.802809895,0.168531497,11/26/14,12/7/14,260
328,18.42051486,36.47733014,0.553636894,0.130018174,12/8/14,12/19/14,202
329,17.57148259,36.43747316,0.594550957,0.137926984,12/20/14,12/31/14,201
330,17.48729004,36.49007,0.642336838,0.119952104,1/1/15,1/13/15,200
331,17.07086888,36.45921207,0.459403704,0.111330616,1/14/15,1/26/15,122
332,16.56973449,36.38338921,0.382197534,0.142323038,1/27/15,2/8/15,177
333,16.17312503,36.33283539,0.633174083,0.181895113,2/9/15,2/21/15,176
334,15.89873427,36.31685577,0.445757691,0.106571292,2/22/15,3/6/15,143
335,16.39591136,36.395898,0.475254779,0.085895051,3/7/15,3/18/15,158
336,15.83435093,36.3107871,0.820638307,0.167567726,3/19/15,3/30/15,151
337,16.33900865,36.38853913,0.454278606,0.078639361,3/31/15,4/11/15,116
338,17.06629655,36.41507537,0.428330274,0.079119586,4/12/15,4/23/15,118
339,17.53556816,36.37955801,0.573765626,0.129345737,4/24/15,5/5/15,132
340,18.27725786,36.41497589,0.70565007,0.126062595,5/6/15,5/17/15,159
341,18.20948883,36.380528,0.777043587,0.17309653,5/18/15,5/29/15,135
342,18.69061762,36.40817665,0.923355474,0.185417917,5/30/15,6/10/15,102
343,19.53174187,36.45462381,0.598673446,0.123888277,6/11/15,6/22/15,93
344,20.604343,36.50104,0.783849523,0.164517294,6/23/15,7/4/15,105
345,21.20762696,36.48903977,0.958848222,0.133084749,7/5/15,7/16/15,126
346,22.37934179,36.49318333,1.047721932,0.209002012,7/17/15,7/28/15,160
347,22.79036091,36.52615997,1.472412126,0.266544337,7/29/15,8/9/15,172
348,22.83811594,36.61788363,1.298376508,0.261352001,8/10/15,8/21/15,140
349,23.12953029,36.6089168,1.034861042,0.235876487,8/22/15,9/2/15,133
350,23.20875001,36.62515256,0.950848781,0.20360502,9/3/15,9/14/15,144
351,23.16190654,36.64016548,0.928807393,0.199725051,9/15/15,9/26/15,139
352,23.04113728,36.65004563,0.70162038,0.13516618,9/27/15,10/8/15,153
353,22.65153682,36.6617865,0.741982496,0.125394678,10/9/15,10/20/15,136
354,21.45531183,36.54141929,0.960603067,0.127729621,10/21/15,11/1/15,93
355,20.88551039,36.51471853,0.8100447,0.137750206,11/2/15,11/13/15,96
356,20.61148594,36.52081342,0.781083094,0.1280418,11/14/15,11/25/15,109
357,19.63170368,36.53537033,0.616316311,0.106989755,11/26/15,12/7/15,108
358,19.32675227,36.53350445,0.527242739,0.105725211,12/8/15,12/19/15,113
359,18.71979703,36.44149631,0.693293407,0.131411645,12/20/15,12/31/15,133
360,18.19302731,36.43852737,0.60028999,0.094153786,1/1/16,1/13/16,110
361,17.91799988,36.42905064,0.723972235,0.107173863,1/14/16,1/26/16,99
362,17.73759304,36.42152882,0.73233402,0.156693704,1/27/16,2/8/16,172
363,17.6693162,36.46752955,0.756486815,0.109709997,2/9/16,2/21/16,136
364,17.13417891,36.42308128,0.845555819,0.147362145,2/22/16,3/5/16,123
365,16.76075584,36.40359322,0.850134236,0.149190401,3/6/16,3/18/16,172
366,16.75988236,36.4020588,0.734285866,0.119142368,3/19/16,3/30/16,119
367,17.10226227,36.49073773,0.541171177,0.088773148,3/31/16,4/11/16,103
368,17.5980282,36.49133995,0.377169552,0.043452546,4/12/16,4/23/16,106
369,17.80045283,36.44884887,0.627121945,0.106314481,4/24/16,5/5/16,106
370,18.0447334,36.46864999,0.559688129,0.08296828,5/6/16,5/17/16,120
371,18.38241469,36.41259341,0.59872298,0.139375713,5/18/16,5/29/16,123
372,19.4961842,36.46650887,0.523101516,0.161258208,5/30/16,6/10/16,114
373,20.44325714,36.54654272,0.424869972,0.104919852,6/11/16,6/22/16,105
374,20.76699994,36.53553827,0.172101208,0.084582006,6/23/16,7/4/16,117
375,20.76937898,36.50427338,0.556464403,0.265435181,7/5/16,7/16/16,95
376,21.71630765,36.55741853,0.6324834,0.238338663,7/17/16,7/28/16,117
377,22.1105819,36.61495441,0.68503964,0.070665251,7/29/16,8/9/16,110
378,22.84637596,36.58834399,0.40918307,0.064131786,8/10/16,8/21/16,125
379,23.19907689,36.60713486,0.544820933,0.138721239,8/22/16,9/2/16,104
380,23.47187144,36.62312914,0.4875689,0.120845325,9/3/16,9/14/16,140
381,22.81320396,36.61906792,0.643399628,0.136391505,9/15/16,9/26/16,103
382,22.21824378,36.59052879,0.912789149,0.141998703,9/27/16,10/8/16,119
383,21.33378765,36.54495594,1.466385477,0.205789199,10/9/16,10/20/16,113
384,21.45252576,36.53446355,1.138090556,0.206749163,10/21/16,11/1/16,97
385,21.1458149,36.51509257,0.875676504,0.195588223,11/2/16,11/13/16,108
386,20.62970826,36.56977786,0.528243048,0.066930566,11/14/16,11/25/16,72
387,19.61388414,36.49420282,0.318156929,0.05671821,11/26/16,12/7/16,69
388,19.47862297,36.54855747,0.316773457,0.065893678,12/8/16,12/19/16,61
389,18.69686962,36.4954065,0.405092843,0.095373586,12/20/16,12/31/16,69
390,18.11060717,36.46541618,0.383599931,0.062922784,1/1/17,1/13/17,84
391,17.71352247,36.48438792,0.440943415,0.054088483,1/14/17,1/26/17,67
392,17.2347778,36.44079583,0.449676651,0.080976752,1/27/17,2/8/17,54
393,16.94034186,36.40797497,0.498984212,0.080213808,2/9/17,2/21/17,79
394,16.9147324,36.41814084,0.394903476,0.064814248,2/22/17,3/6/17,71
395,16.99609083,36.41740851,0.393120842,0.060731353,3/7/17,3/18/17,66
396,16.75415775,36.39719317,0.478207382,0.089730224,3/19/17,3/30/17,57
397,16.8232195,36.30357314,0.626703662,0.188699075,3/31/17,4/11/17,82
398,17.7994727,36.37960025,0.51391776,0.109376931,4/12/17,4/23/17,55
399,18.6550136,36.44598652,0.887924455,0.116237579,4/24/17,5/5/17,74
400,19.26655707,36.46338545,0.764809727,0.113008563,5/6/17,5/17/17,70
401,19.38839639,36.4666987,0.823883209,0.125731099,5/18/17,5/29/17,53
402,19.74040971,36.43990344,0.653519784,0.158721408,5/30/17,6/10/17,83
403,20.68484206,36.58794754,0.389878141,0.11526387,6/11/17,6/22/17,38
404,21.60131585,36.55198248,0.353398287,0.109828564,6/23/17,7/4/17,57
405,21.87222408,36.59999992,0.661799026,0.106265918,7/5/17,7/16/17,58
406,22.1904444,36.65697801,0.429049757,0.157879228,7/17/17,7/28/17,45
407,22.25883344,36.61060003,0.619235675,0.165430447,7/29/17,8/9/17,60
408,22.82476921,36.70333804,0.331495487,0.181930524,8/10/17,8/21/17,65
409,23.19524294,36.66420037,0.454400272,0.183559994,8/22/17,9/2/17,70
410,23.04602819,36.70990141,0.330542541,0.16843558,9/3/17,9/14/17,71
411,22.32977424,36.65461263,0.596338003,0.150507734,9/15/17,9/26/17,93
412,22.6538125,36.74168748,0.462885645,0.142212275,9/27/17,10/8/17,64
413,22.67248826,36.73383699,0.507236393,0.180749696,10/9/17,10/20/17,86
414,22.35287631,36.69848507,0.553379428,0.188790576,10/21/17,11/1/17,97
415,21.48974475,36.6815427,0.765830483,0.162139614,11/2/17,11/13/17,94
416,21.69099935,36.84766642,0.011357707,0.000577033,11/14/17,11/25/17,3