,Unnamed: 0,Unnamed: 0.1,Unnamed: 0.1.1,Unnamed: 0.1.1.1,Unnamed: 0.1.1.1.1,Unnamed: 0.1.1.1.1.1,tempMean,psalMean,tempStd,psalStd,startDate,endDate,nProf
0,0,0,0,0,0,0.0,17.04674983024597,36.36796474456785,0.0937503614629874,0.02225257555575031,2004-01-01,2004-01-13,8.0
1,1,1,1,1,1,1.0,17.262832959493,36.45011329650879,0.3865767344602664,0.08760779387356864,2004-01-14,2004-01-26,6.0
2,2,2,2,2,2,2.0,17.086800193786626,36.40299415588379,0.3667423743320289,0.0542268650099446,2004-01-27,2004-02-08,10.0
3,3,3,3,3,3,3.0,17.367499987284347,36.45523643493652,0.23990256440609656,0.060579312183607924,2004-02-09,2004-02-21,6.0
4,4,4,4,4,4,4.0,16.291999816894528,36.284292221069336,0.2134470957765653,0.041899957446481416,2004-02-22,2004-03-05,6.0
5,5,5,5,5,5,5.0,17.221199989318848,36.441690826416014,0.24867497583370995,0.06671194093983658,2004-03-06,2004-03-18,10.0
6,6,6,6,6,6,6.0,17.37316672007243,36.551116943359375,0.16632281829072598,0.033940681748269884,2004-03-19,2004-03-30,6.0
7,7,7,7,7,7,7.0,16.962500254313152,36.43442598978678,0.18340945672154668,0.07015971562550385,2004-03-31,2004-04-11,6.0
8,8,8,8,8,8,8.0,16.854833285013836,36.44489415486654,0.5415160177130944,0.09492473929314699,2004-04-12,2004-04-23,8.0
9,9,9,9,9,9,9.0,17.210400009155272,36.48108901977539,0.5859430807803206,0.10684573122567263,2004-04-24,2004-05-05,10.0
10,10,10,10,10,10,10.0,17.24807153429304,36.46347209385464,0.3455703348344437,0.06219243433054996,2004-05-06,2004-05-17,14.0
11,11,11,11,11,11,11.0,17.487166722615562,36.44874000549317,0.4914162719818361,0.11101005170873564,2004-05-18,2004-05-29,6.0
12,12,12,12,12,12,12.0,18.226700019836425,36.46481132507324,0.6732178206231278,0.09849213506971344,2004-05-30,2004-06-10,10.0
13,13,13,13,13,13,13.0,19.699583530426022,36.505197525024414,0.9239892219161328,0.08153228795753763,2004-06-11,2004-06-22,12.0
14,14,14,14,14,14,14.0,21.050900077819826,36.56101935250418,1.4350069082289714,0.10283883816921728,2004-06-23,2004-07-04,10.0
15,15,15,15,15,15,15.0,21.51614284515381,36.675494875226704,0.24878449286447696,0.04141673875984981,2004-07-05,2004-07-16,14.0
16,16,16,16,16,16,16.0,21.987499809265138,36.708235549926755,0.4577682766091578,0.021933802647657145,2004-07-17,2004-07-28,10.0
17,17,17,17,17,17,17.0,22.9262996673584,36.695947265625,1.02751094514452,0.05322251565940907,2004-07-29,2004-08-09,10.0
18,18,18,18,18,18,18.0,23.853749910990402,36.7110398610433,0.8512772047531825,0.06984649202300157,2004-08-10,2004-08-21,12.0
19,19,19,19,19,19,19.0,23.252999877929692,36.647108459472655,0.8826741201946265,0.13459713842998128,2004-08-22,2004-09-02,10.0
20,20,20,20,20,20,20.0,22.932583332061768,36.61054515838622,0.7428329302640908,0.16762751381814334,2004-09-03,2004-09-14,12.0
21,21,21,21,21,21,21.0,22.6489999294281,36.697112083435066,0.7435437040685633,0.13384681140850055,2004-09-15,2004-09-26,8.0
22,22,22,22,22,22,22.0,22.549749851226807,36.65979528427124,0.6199058243053455,0.2099957704752793,2004-09-27,2004-10-08,8.0
23,23,23,23,23,23,23.0,22.357500076293945,36.83150100708008,0.6720376902637958,0.1045002577686667,2004-10-09,2004-10-20,4.0
24,24,24,24,24,24,24.0,21.665857042585106,36.6225449698312,0.9556547445577548,0.19373350857182228,2004-10-21,2004-11-01,8.0
25,25,25,25,25,25,25.0,20.219166914621987,36.558908462524414,1.0582972274054585,0.16629523218749384,2004-11-02,2004-11-13,12.0
26,26,26,26,26,26,26.0,19.653000116348267,36.650928020477295,1.07160563344762,0.14540214204766527,2004-11-14,2004-11-25,8.0
27,27,27,27,27,27,27.0,19.78125,36.654000282287605,1.0863134134941734,0.22344673281131786,2004-11-26,2004-12-07,4.0
28,28,28,28,28,28,28.0,17.874500036239624,36.47835397720337,1.0266102083343671,0.17917721669542325,2004-12-08,2004-12-19,8.0
29,29,29,29,29,29,29.0,17.11662459373474,36.402745246887214,0.9671384707203178,0.2006267440271566,2004-12-20,2004-12-31,8.0
30,30,30,30,30,30,30.0,16.577499866485596,36.37592627785423,0.8903298751729893,0.17988793186279728,2005-01-01,2005-01-13,12.0
31,31,31,31,31,31,31.0,16.484375,36.39683532714844,1.026047723359797,0.1838435264059889,2005-01-14,2005-01-26,8.0
32,32,32,32,32,32,32.0,15.99525022506714,36.338366508483894,1.0138885851445494,0.17165423674190164,2005-01-27,2005-02-08,8.0
33,33,33,33,33,33,33.0,15.511833270390827,36.2796204884847,0.7502341257032428,0.1316728364783045,2005-02-09,2005-02-21,12.0
34,34,34,34,34,34,34.0,16.026500225067142,36.390162785847984,0.4306897446017893,0.06149036915302854,2005-02-22,2005-03-06,6.0
35,35,35,35,35,35,35.0,15.906750082969664,36.32615756988525,0.3462380404464852,0.02614005633467429,2005-03-07,2005-03-18,8.0
36,36,36,36,36,36,36.0,15.898124933242798,36.27259874343872,0.6680115078910395,0.13050455343619755,2005-03-19,2005-03-30,8.0
37,37,37,37,37,37,37.0,16.408750176429752,36.25548648834229,0.866079732217147,0.17827690972506546,2005-03-31,2005-04-11,8.0
38,38,38,38,38,38,38.0,16.04699993133545,36.240112849644255,0.6345349874707618,0.11892128508082962,2005-04-12,2005-04-23,7.0
39,39,39,39,39,39,39.0,17.03129987716675,36.35072135925293,0.82876974081752,0.17054195787832882,2005-04-24,2005-05-05,10.0
40,40,40,40,40,40,40.0,17.871143000466486,36.46102301279704,0.9983823910455518,0.1903237672961086,2005-05-06,2005-05-17,14.0
41,41,41,41,41,41,41.0,18.44650001525879,36.490574836730964,0.4186318805527494,0.08941362199993506,2005-05-18,2005-05-29,10.0
42,42,42,42,42,42,42.0,18.51966667175293,36.48102696736654,0.07981382677472093,0.07439277743231608,2005-05-30,2005-06-10,6.0
43,43,43,43,43,43,43.0,19.392749786376953,36.50174903869629,0.481871975285759,0.2179711170050032,2005-06-11,2005-06-22,4.0
44,44,44,44,44,44,44.0,20.194499969482425,36.455330848693855,0.571450494133564,0.13452514494592166,2005-06-23,2005-07-04,8.0
45,45,45,45,45,45,45.0,20.509166717529297,36.487660217285146,0.5903202589301156,0.14495308331428106,2005-07-05,2005-07-16,12.0
46,46,46,46,46,46,46.0,21.216499805450443,36.73299980163574,1.0928559997692513,0.022628474378104963,2005-07-17,2005-07-28,4.0
47,47,47,47,47,47,47.0,22.027250051498413,36.60322380065918,0.4561157960758186,0.08563758393983191,2005-07-29,2005-08-09,8.0
48,48,48,48,48,48,48.0,22.52549982070923,36.6445115407308,0.3759898165337551,0.09410687601352913,2005-08-10,2005-08-21,8.0
49,49,49,49,49,49,49.0,22.06612491607666,36.69900449117025,0.6990509006267835,0.13315572980528034,2005-08-22,2005-09-02,8.0
50,50,50,50,50,50,50.0,22.75540008544921,36.78595733642578,0.6778480936027009,0.10911814002360797,2005-09-03,2005-09-14,10.0
51,51,51,51,51,51,51.0,22.49537467956543,36.80897521972656,0.6181669599770907,0.10219134726772726,2005-09-15,2005-09-26,8.0
52,52,52,52,52,52,52.0,21.409666697184246,36.625689315795896,1.063414608579219,0.20462224595855605,2005-09-27,2005-10-08,12.0
53,53,53,53,53,53,53.0,20.687874952952075,36.457057869952656,1.0007454227768149,0.1716099094867301,2005-10-09,2005-10-20,48.0
54,54,54,54,54,54,54.0,20.732538443345288,36.48801671541654,0.7844619135227848,0.13494912233706527,2005-10-21,2005-11-01,26.0
55,55,55,55,55,55,55.0,20.407749891281128,36.49125734965006,0.6854995444635242,0.16255857031296506,2005-11-02,2005-11-13,24.0
56,56,56,56,56,56,56.0,18.657071386064803,36.40699904305594,0.7000785838348154,0.17366544892007105,2005-11-14,2005-11-25,14.0
57,57,57,57,57,57,57.0,17.754399871826173,36.38142885480608,0.9341318785185544,0.17045640892785394,2005-11-26,2005-12-07,15.0
58,58,58,58,58,58,58.0,17.255909312855113,36.39159150557085,0.7781929892407291,0.12374902856755565,2005-12-08,2005-12-19,22.0
59,59,59,59,59,59,59.0,16.960300254821778,36.42399978637695,1.1189328148769928,0.18425113497652548,2005-12-20,2005-12-31,10.0
60,60,60,60,60,60,60.0,16.271416783332825,36.37462504704794,0.8871691988201945,0.14747199414388004,2006-01-01,2006-01-13,24.0
61,61,61,61,61,61,61.0,16.082555347018772,36.385776943630646,0.7487107773777015,0.12471028481181508,2006-01-14,2006-01-26,18.0
62,62,62,62,62,62,62.0,15.641500032865086,36.326961957491356,0.6643040673092033,0.11460090415898745,2006-01-27,2006-02-08,26.0
63,63,63,63,63,63,63.0,15.639400100708007,36.3237003326416,0.8090177724400927,0.13075453941335846,2006-02-09,2006-02-21,20.0
64,64,64,64,64,64,64.0,15.111888885498047,36.255999671088325,0.6558114970202148,0.09796596089445676,2006-02-22,2006-03-06,18.0
65,65,65,65,65,65,65.0,15.276099967956545,36.27866702609592,0.6128553784541798,0.10555984696267427,2006-03-07,2006-03-18,20.0
66,66,66,66,66,66,66.0,15.677210506639982,36.3121171839097,0.5975083850282609,0.11851046876848148,2006-03-19,2006-03-30,20.0
67,67,67,67,67,67,67.0,15.992083311080933,36.263777626885314,0.6699111152707102,0.12744464187874,2006-03-31,2006-04-11,24.0
68,68,68,68,68,68,68.0,16.618029454175165,36.27783625466483,0.5712990026688304,0.09815145836421584,2006-04-12,2006-04-23,34.0
69,69,69,69,69,69,69.0,16.616909113797277,36.27923374176025,0.4918621670163616,0.12325764783663952,2006-04-24,2006-05-05,22.0
70,70,70,70,70,70,70.0,17.340950107574464,36.35252399444581,0.5527499173831656,0.09610762036490396,2006-05-06,2006-05-17,20.0
71,71,71,71,71,71,71.0,18.359050083160398,36.40533695220947,0.7118436376485379,0.09862235355325684,2006-05-18,2006-05-29,20.0
72,72,72,72,72,72,72.0,19.150750160217285,36.43434829711914,0.6318928417883343,0.09220527510314053,2006-05-30,2006-06-10,20.0
73,73,73,73,73,73,73.0,19.75435706547329,36.44581236158098,0.6250437256354772,0.08262144551824073,2006-06-11,2006-06-22,28.0
74,74,74,74,74,74,74.0,20.04305009841919,36.48659534454346,0.4436588180679866,0.06475605608417212,2006-06-23,2006-07-04,20.0
75,75,75,75,75,75,75.0,20.547550106048586,36.48960094451904,0.6849857649076483,0.058337785317745326,2006-07-05,2006-07-16,20.0
76,76,76,76,76,76,76.0,20.88429975509644,36.438721084594725,0.8175316656852497,0.09534752752415572,2006-07-17,2006-07-28,20.0
77,77,77,77,77,77,77.0,21.798849964141844,36.5163761138916,0.7312375582403444,0.09840484953495036,2006-07-29,2006-08-09,20.0
78,78,78,78,78,78,78.0,21.89024986539568,36.46776417323521,0.9496661010428159,0.12291484959373332,2006-08-10,2006-08-21,28.0
79,79,79,79,79,79,79.0,22.00847625732422,36.5672908782959,0.5714633005345197,0.10565332398404127,2006-08-22,2006-09-02,21.0
80,80,80,80,80,80,80.0,22.8917498588562,36.667632102966316,0.505923539675229,0.10450621087439094,2006-09-03,2006-09-14,8.0
81,81,81,81,81,81,81.0,22.737857001168386,36.67434819539388,0.5739138522303582,0.05683321374391584,2006-09-15,2006-09-26,14.0
82,82,82,82,82,82,82.0,22.584888776143387,36.62353849411011,0.4111393345848408,0.08544108533609822,2006-09-27,2006-10-08,18.0
83,83,83,83,83,83,83.0,21.99169429143269,36.54581589168973,0.7017532625960232,0.12376968860670225,2006-10-09,2006-10-20,36.0
84,84,84,84,84,84,84.0,21.296954588456586,36.499580955505365,0.7010843743720139,0.17718267353290892,2006-10-21,2006-11-01,22.0
85,85,85,85,85,85,85.0,20.963228716169084,36.48337050045239,0.5088452528739981,0.17202652073272365,2006-11-02,2006-11-13,35.0
86,86,86,86,86,86,86.0,20.36160011291504,36.46333038330078,0.6152378673566105,0.13310705440977855,2006-11-14,2006-11-25,25.0
87,87,87,87,87,87,87.0,19.53139284678868,36.45282577514649,0.6399837297809496,0.1323966194162711,2006-11-26,2006-12-07,28.0
88,88,88,88,88,88,88.0,18.90834285191127,36.49693178449358,0.5664231265935503,0.09337754171738924,2006-12-08,2006-12-19,35.0
89,89,89,89,89,89,89.0,18.47039999961853,36.52871904373169,0.7017724039473694,0.12219110370373965,2006-12-20,2006-12-31,40.0
90,90,90,90,90,90,90.0,17.968395868937176,36.472299496332795,0.6437871774256871,0.11582361419501212,2007-01-01,2007-01-13,48.0
91,91,91,91,91,91,91.0,17.877942820957728,36.49376220703125,0.7033708690300603,0.13627602645099302,2007-01-14,2007-01-26,35.0
92,92,92,92,92,92,92.0,17.33593476336935,36.47124065052379,0.7342546164056956,0.12802043414036773,2007-01-27,2007-02-08,46.0
93,93,93,93,93,93,93.0,17.185416857401528,36.424923055312206,0.5541389671742029,0.09251003723028414,2007-02-09,2007-02-21,36.0
94,94,94,94,94,94,94.0,17.17102873665946,36.40618168223988,0.7047099656680748,0.14759488812431784,2007-02-22,2007-03-06,35.0
95,95,95,95,95,95,95.0,16.861235282000372,36.35120454126475,0.7893522150988938,0.1479299438984351,2007-03-07,2007-03-18,51.0
96,96,96,96,96,96,96.0,16.723951223419935,36.39222688674927,0.8314700598920556,0.16181731209525746,2007-03-19,2007-03-30,41.0
97,97,97,97,97,97,97.0,16.801818327470258,36.43586127988754,0.7234767211601829,0.12256974677464084,2007-03-31,2007-04-11,33.0
98,98,98,98,98,98,98.0,16.879864847337878,36.36945092337472,0.8673590499370019,0.17834913969930408,2007-04-12,2007-04-23,37.0
99,99,99,99,99,99,99.0,17.260696931318805,36.408781113163116,0.7388421605235459,0.16349874163047234,2007-04-24,2007-05-05,33.0
100,100,100,100,100,100,100.0,17.672268332504643,36.4642448425293,0.5517922262014571,0.1121208115451138,2007-05-06,2007-05-17,41.0
101,101,101,101,101,101,101.0,17.740043432816215,36.43330903486772,0.6098747414275149,0.09266605725600886,2007-05-18,2007-05-29,46.0
102,102,102,102,102,102,102.0,18.37482908295421,36.44887396005485,0.6926309249646684,0.13529680977425193,2007-05-30,2007-06-10,41.0
103,103,103,103,103,103,103.0,19.639016292134272,36.467307850465936,0.7448517111662417,0.1422276301678143,2007-06-11,2007-06-22,61.0
104,104,104,104,104,104,104.0,20.24851099650065,36.57907193206078,0.7184246659792657,0.13073316056811166,2007-06-23,2007-07-04,45.0
105,105,105,105,105,105,105.0,20.65598120779361,36.65759718651865,0.6015295232800767,0.11096063882100356,2007-07-05,2007-07-16,53.0
106,106,106,106,106,106,106.0,21.139309428987048,36.6611289024353,0.5411805459783533,0.08225708154241088,2007-07-17,2007-07-28,42.0
107,107,107,107,107,107,107.0,21.972441828528112,36.69634823682832,0.6239653713910214,0.09945551272911207,2007-07-29,2007-08-09,45.0
108,108,108,108,108,108,108.0,22.00093320210775,36.68707435075628,0.4017503054432971,0.12624213324152705,2007-08-10,2007-08-21,45.0
109,109,109,109,109,109,109.0,21.73235566880968,36.70902704638104,0.5737971337618065,0.15762227126981987,2007-08-22,2007-09-02,45.0
110,110,110,110,110,110,110.0,22.334102046732998,36.762539072239655,0.6654272612767409,0.1050604094883774,2007-09-03,2007-09-14,49.0
111,111,111,111,111,111,111.0,22.372630616892934,36.77883070165461,0.4898791336152053,0.05551005125857384,2007-09-15,2007-09-26,46.0
112,112,112,112,112,112,112.0,22.20632726495916,36.82986169491174,0.6751230482685789,0.07763573898400199,2007-09-27,2007-10-08,55.0
113,113,113,113,113,113,113.0,21.96379643899423,36.78088921767015,0.4611692605315257,0.10906012269455642,2007-10-09,2007-10-20,54.0
114,114,114,114,114,114,114.0,21.730166594187427,36.76467281839122,0.4663032661478954,0.11633147463633335,2007-10-21,2007-11-01,48.0
115,115,115,115,115,115,115.0,21.09682992164125,36.75909397213958,0.5900167179157316,0.11793377144463806,2007-11-02,2007-11-13,47.0
116,116,116,116,116,116,116.0,20.786051750183105,36.77510118484497,0.5287492641246513,0.092040556822062,2007-11-14,2007-11-25,58.0
117,117,117,117,117,117,117.0,19.95766077722822,36.7416732929371,0.6633584636506185,0.1261292688883106,2007-11-26,2007-12-07,56.0
118,118,118,118,118,118,118.0,19.36058822332644,36.689096334029216,0.5241969119795744,0.10324779165286012,2007-12-08,2007-12-19,51.0
119,119,119,119,119,119,119.0,18.87884323269713,36.64780105590821,0.5626812464594533,0.09340014598873393,2007-12-20,2007-12-31,51.0
120,120,120,120,120,120,120.0,18.45273137448439,36.61363547188896,0.6044653256463022,0.08652045839240266,2008-01-01,2008-01-13,67.0
121,121,121,121,121,121,121.0,18.20271154550405,36.60317169189453,0.523272259816385,0.07158039713973356,2008-01-14,2008-01-26,52.0
122,122,122,122,122,122,122.0,17.966313717412017,36.59730039324079,0.5545612926328699,0.06947229142013943,2008-01-27,2008-02-08,51.0
123,123,123,123,123,123,123.0,17.835618279197,36.58626750730119,0.5996967122285416,0.0744709408592639,2008-02-09,2008-02-21,55.0
124,124,124,124,124,124,124.0,17.94825005531311,36.5785907904307,0.462079057995516,0.07076510585365361,2008-02-22,2008-03-05,48.0
125,125,125,125,125,125,125.0,17.755076885223392,36.565920829772956,0.2987990492491384,0.0668587477719967,2008-03-06,2008-03-18,52.0
126,126,126,126,126,126,126.0,17.389131520923815,36.52211801629318,0.5270523486759564,0.09972164750595072,2008-03-19,2008-03-30,38.0
127,127,127,127,127,127,127.0,17.584749915383078,36.53766042535955,0.3359113020374997,0.08116693469976688,2008-03-31,2008-04-11,44.0
128,128,128,128,128,128,128.0,17.623723415618244,36.53616755059425,0.2789011428641399,0.07661917440750339,2008-04-12,2008-04-23,47.0
129,129,129,129,129,129,129.0,18.123000058260832,36.55591427196156,0.2459892108726364,0.06640799767996633,2008-04-24,2008-05-05,44.0
130,130,130,130,130,130,130.0,18.671087016230047,36.53966389531674,0.5455768340061565,0.12947705415217414,2008-05-06,2008-05-17,46.0
131,131,131,131,131,131,131.0,19.042705928578094,36.53965490004595,0.8041135057026979,0.17433218420624194,2008-05-18,2008-05-29,34.0
132,132,132,132,132,132,132.0,19.442931695417926,36.56954661282626,0.7449352610163421,0.1568261647612564,2008-05-30,2008-06-10,44.0
133,133,133,133,133,133,133.0,20.314244588216145,36.667175971137155,0.7411661140563028,0.14855285771097593,2008-06-11,2008-06-22,45.0
134,134,134,134,134,134,134.0,20.983418575553006,36.61602987245072,0.8652095127050858,0.2185783642455724,2008-06-23,2008-07-04,43.0
135,135,135,135,135,135,135.0,21.81486837487472,36.73197043569464,0.5555519242189526,0.1655682288230072,2008-07-05,2008-07-16,38.0
136,136,136,136,136,136,136.0,22.081195748370625,36.87437953119693,1.2208606285026742,0.4020739390191172,2008-07-17,2008-07-28,48.0
137,137,137,137,137,137,137.0,22.542225074768066,36.72756872177124,0.7044757391662049,0.17275229467203465,2008-07-29,2008-08-09,40.0
138,138,138,138,138,138,138.0,22.72915152347449,36.77079183405096,0.6654192182981364,0.13311544666259767,2008-08-10,2008-08-21,33.0
139,139,139,139,139,139,139.0,22.878811037218252,36.74946717958193,0.5414043107220714,0.13976031962515606,2008-08-22,2008-09-02,38.0
140,140,140,140,140,140,140.0,23.3936749458313,36.85435361862183,0.6989599013988759,0.10984177597450297,2008-09-03,2008-09-14,40.0
141,141,141,141,141,141,141.0,22.912358993139023,36.832333589211494,0.5092317427718336,0.10646846115553617,2008-09-15,2008-09-26,40.0
142,142,142,142,142,142,142.0,22.653071403503407,36.804958615984226,0.2676676810749203,0.10491191904919904,2008-09-27,2008-10-08,42.0
143,143,143,143,143,143,143.0,22.105142974853514,36.789905330113,0.3480279577063265,0.1121700370938956,2008-10-09,2008-10-20,35.0
144,144,144,144,144,144,144.0,21.394129168602728,36.7479033931609,0.5519647457355498,0.10436573554148416,2008-10-21,2008-11-01,31.0
145,145,145,145,145,145,145.0,20.13839979171753,36.72700729370117,0.3389061929948809,0.08420744280065419,2008-11-02,2008-11-13,20.0
146,146,146,146,146,146,146.0,19.91553558622088,36.796301569257466,0.520532551257464,0.10100086125183327,2008-11-14,2008-11-25,28.0
147,147,147,147,147,147,147.0,18.88274989809309,36.6978212084089,0.5172307097093246,0.08275389219706944,2008-11-26,2008-12-07,28.0
148,148,148,148,148,148,148.0,18.13840621709824,36.65483415126801,0.6860250065091102,0.08917130177036006,2008-12-08,2008-12-19,32.0
149,149,149,149,149,149,149.0,17.73433326952385,36.602060722582266,0.649829485264103,0.08763796613117562,2008-12-20,2008-12-31,33.0
150,150,150,150,150,150,150.0,18.04465120892192,36.64583188433979,0.66285763100198,0.08455661252569276,2009-01-01,2009-01-13,43.0
151,151,151,151,151,151,151.0,17.72521944743831,36.62110249589129,0.6561641341006456,0.09920978982508052,2009-01-14,2009-01-26,42.0
152,152,152,152,152,152,152.0,16.933340831236407,36.50570644031871,0.6954463894715783,0.1114355981336361,2009-01-27,2009-02-08,44.0
153,153,153,153,153,153,153.0,16.871941192477358,36.51970253738703,0.5850671026976929,0.09839419188897866,2009-02-09,2009-02-21,51.0
154,154,154,154,154,154,154.0,16.578548369869107,36.46232223510742,0.5993443430370273,0.095868116523776,2009-02-22,2009-03-06,31.0
155,155,155,155,155,155,155.0,16.365342064907676,36.43469780369809,0.6430080840698013,0.11460783257804805,2009-03-07,2009-03-18,38.0
156,156,156,156,156,156,156.0,16.97305712018694,36.478094700404576,0.4596236366390433,0.07572892690020183,2009-03-19,2009-03-30,35.0
157,157,157,157,157,157,157.0,17.282437523206074,36.54819321632385,0.4109963183415909,0.07199410981126064,2009-03-31,2009-04-11,48.0
158,158,158,158,158,158,158.0,17.405318130146373,36.55815046483821,0.6352319518196596,0.13189898104373268,2009-04-12,2009-04-23,44.0
159,159,159,159,159,159,159.0,17.54048641307934,36.53910920426652,0.5653646718923501,0.09362488195391096,2009-04-24,2009-05-05,37.0
160,160,160,160,160,160,160.0,17.96117659176097,36.558572711366594,0.6501507544753116,0.08622526276060287,2009-05-06,2009-05-17,35.0
161,161,161,161,161,161,161.0,18.47974991798401,36.58261839548747,0.5687800561303465,0.10303280252691037,2009-05-18,2009-05-29,24.0
162,162,162,162,162,162,162.0,19.20294122134938,36.62450532352222,0.5749646416691675,0.11725692193667292,2009-05-30,2009-06-10,34.0
163,163,163,163,163,163,163.0,19.81746870279312,36.568732738494866,0.7342809620553618,0.11686036064430293,2009-06-11,2009-06-22,32.0
164,164,164,164,164,164,164.0,21.044054134471995,36.60589321239574,0.9333521386324424,0.1337849889452817,2009-06-23,2009-07-04,37.0
165,165,165,165,165,165,165.0,21.85219033559164,36.568893250964926,1.3506603396218035,0.22245823386370134,2009-07-05,2009-07-16,42.0
166,166,166,166,166,166,166.0,22.06547737121582,36.60497977516868,1.1973289124210016,0.25046160917014504,2009-07-17,2009-07-28,44.0
167,167,167,167,167,167,167.0,22.70105127187876,36.65248880630885,0.7061212172965603,0.18964842356469425,2009-07-29,2009-08-09,39.0
168,168,168,168,168,168,168.0,22.822323518640854,36.60664423774271,0.845559852071892,0.2265958408454465,2009-08-10,2009-08-21,34.0
169,169,169,169,169,169,169.0,22.83365723746164,36.70941205705915,0.8534188107491563,0.19399249933406068,2009-08-22,2009-09-02,35.0
170,170,170,170,170,170,170.0,22.930750023234967,36.810363336042926,0.3440409410810145,0.06587535114532797,2009-09-03,2009-09-14,44.0
171,171,171,171,171,171,171.0,22.702190489996052,36.83832631792341,0.4222355107399677,0.09376596548287974,2009-09-15,2009-09-26,42.0
172,172,172,172,172,172,172.0,22.60691430228097,36.79598900931222,0.3409717584912283,0.12840393360996194,2009-09-27,2009-10-08,35.0
173,173,173,173,173,173,173.0,22.584166717529296,36.73060048421224,0.7177035036354877,0.21818678900593014,2009-10-09,2009-10-20,30.0
174,174,174,174,174,174,174.0,22.3146998723348,36.703117243448894,0.7927931306824579,0.19772907934301254,2009-10-21,2009-11-01,30.0
175,175,175,175,175,175,175.0,21.66769223335461,36.63169068556566,0.7019438113924582,0.17336004320440462,2009-11-02,2009-11-13,39.0
176,176,176,176,176,176,176.0,20.940857206072128,36.64316177368164,0.7186506981056396,0.2403562550558516,2009-11-14,2009-11-25,39.0
177,177,177,177,177,177,177.0,20.599738121032715,36.666078476678756,0.9696199672388752,0.18825640432826665,2009-11-26,2009-12-07,42.0
178,178,178,178,178,178,178.0,19.750763140226667,36.62009058500591,0.654512701558587,0.13512164628776674,2009-12-08,2009-12-19,38.0
179,179,179,179,179,179,179.0,18.701999871627145,36.48238007918648,0.9911271759044696,0.193243890733226,2009-12-20,2009-12-31,46.0
180,180,180,180,180,180,180.0,18.014642885753087,36.47801882880075,1.1403823029858149,0.20030048282006035,2010-01-01,2010-01-13,56.0
181,181,181,181,181,181,181.0,17.531978830378105,36.42964691811419,1.066905202666893,0.17477551158017016,2010-01-14,2010-01-26,47.0
182,182,182,182,182,182,182.0,17.43797214825948,36.46759287516276,0.8496225863644669,0.14852584083629494,2010-01-27,2010-02-08,36.0
183,183,183,183,183,183,183.0,17.304943002973285,36.463197217668814,0.5878926838110928,0.1261778893768693,2010-02-09,2010-02-21,35.0
184,184,184,184,184,184,184.0,16.95750007033348,36.393598675727844,0.7047570008459946,0.13389113156356833,2010-02-22,2010-03-06,32.0
185,185,185,185,185,185,185.0,16.880176235647767,36.38770821515251,0.595159789128431,0.12073463218495252,2010-03-07,2010-03-18,34.0
186,186,186,186,186,186,186.0,16.84575863542228,36.3778814118484,0.9223560983339684,0.1658397140788167,2010-03-19,2010-03-30,29.0
187,187,187,187,187,187,187.0,17.000931653109465,36.40414948896928,0.8831149388742587,0.16295227453842714,2010-03-31,2010-04-11,44.0
188,188,188,188,188,188,188.0,17.366600036621097,36.4126710158128,0.6483050330325197,0.15605968046271493,2010-04-12,2010-04-23,40.0
189,189,189,189,189,189,189.0,17.957920036315922,36.42193084716797,0.7578171299786859,0.15368631654478945,2010-04-24,2010-05-05,50.0
190,190,190,190,190,190,190.0,18.262816292899,36.482878626609335,0.7431954703577766,0.16565468566753028,2010-05-06,2010-05-17,49.0
191,191,191,191,191,191,191.0,18.34472725608132,36.46335856119792,0.7164149246718408,0.1314941018853874,2010-05-18,2010-05-29,33.0
192,192,192,192,192,192,192.0,18.905638959672714,36.46637100643582,0.6960615760750316,0.15096680466515328,2010-05-30,2010-06-10,36.0
193,193,193,193,193,193,193.0,19.54761113060845,36.52382310231528,0.6914214881288815,0.1368339741414119,2010-06-11,2010-06-22,36.0
194,194,194,194,194,194,194.0,19.765822050306532,36.494668748643655,0.8815625348335347,0.15480538875924768,2010-06-23,2010-07-04,45.0
195,195,195,195,195,195,195.0,20.57213996887207,36.5631867980957,0.7858749871361158,0.11875950877800727,2010-07-05,2010-07-16,50.0
196,196,196,196,196,196,196.0,20.93381398223168,36.534176937369416,0.7696437831818874,0.13570800348065898,2010-07-17,2010-07-28,43.0
197,197,197,197,197,197,197.0,21.402333407931856,36.558736165364586,0.6918276142097005,0.10351214560345423,2010-07-29,2010-08-09,45.0
198,198,198,198,198,198,198.0,21.479928607032413,36.546613693237305,0.5310615033018072,0.10267943875628548,2010-08-10,2010-08-21,42.0
199,199,199,199,199,199,199.0,22.51746519221816,36.62226459591889,0.7917520645664131,0.11116313098579872,2010-08-22,2010-09-02,43.0
200,200,200,200,200,200,200.0,22.873826109844714,36.59857700182044,0.8744298374485663,0.13704339936006193,2010-09-03,2010-09-14,46.0
201,201,201,201,201,201,201.0,22.76881063306654,36.61027135075749,0.7039340061291036,0.1804603898637805,2010-09-15,2010-09-26,37.0
202,202,202,202,202,202,202.0,22.487093016158706,36.61011398670285,0.6229194213129037,0.1681742618778889,2010-09-27,2010-10-08,43.0
203,203,203,203,203,203,203.0,22.055769113393925,36.66059807019357,0.5581015998857082,0.14029608429231985,2010-10-09,2010-10-20,39.0
204,204,204,204,204,204,204.0,21.84276932936449,36.66496824606871,0.44755729187055,0.07622647165739391,2010-10-21,2010-11-01,39.0
205,205,205,205,205,205,205.0,20.89192849113828,36.63301958356585,0.5042980882642649,0.11366815002274545,2010-11-02,2010-11-13,42.0
206,206,206,206,206,206,206.0,20.126230826744667,36.5699938260592,0.7506432526341907,0.183256590333835,2010-11-14,2010-11-25,26.0
207,207,207,207,207,207,207.0,19.51642406348026,36.559043884277344,0.995467829486944,0.13902693395313104,2010-11-26,2010-12-07,33.0
208,208,208,208,208,208,208.0,19.0693665822347,36.59418512980143,0.5786264704723505,0.07060499750056085,2010-12-08,2010-12-19,30.0
209,209,209,209,209,209,209.0,18.395133272806802,36.54069900512695,0.6998870586379686,0.0877493778545965,2010-12-20,2010-12-31,30.0
210,210,210,210,210,210,210.0,17.527764600865982,36.41490868961109,0.9058492684834172,0.16260960855828208,2011-01-01,2011-01-13,34.0
211,211,211,211,211,211,211.0,17.762346194340633,36.445371921245865,1.0811825429151918,0.19496500553085228,2011-01-14,2011-01-26,26.0
212,212,212,212,212,212,212.0,17.199837658856367,36.431936418687975,0.8757452484748833,0.1386716554222222,2011-01-27,2011-02-08,37.0
213,213,213,213,213,213,213.0,16.557914216177803,36.368598502022884,0.8282169753866436,0.1530357023383887,2011-02-09,2011-02-21,35.0
214,214,214,214,214,214,214.0,16.779999897397794,36.41160715037379,0.8340849735413612,0.14704594110949068,2011-02-22,2011-03-06,29.0
215,215,215,215,215,215,215.0,16.581035716193064,36.41040461403983,0.9186207819445044,0.15978623575533166,2011-03-07,2011-03-18,28.0
216,216,216,216,216,216,216.0,17.248172464041875,36.47853443540376,0.7335794519363708,0.12256313866801855,2011-03-19,2011-03-30,29.0
217,217,217,217,217,217,217.0,16.913920249938965,36.39181945800781,0.5801910056701337,0.08430526943512891,2011-03-31,2011-04-11,25.0
218,218,218,218,218,218,218.0,17.235157916420384,36.3713647942794,0.7750827556791159,0.11192837580595084,2011-04-12,2011-04-23,19.0
219,219,219,219,219,219,219.0,17.393166621526078,36.407370249430336,0.8745165596699942,0.1364887636183743,2011-04-24,2011-05-05,24.0
220,220,220,220,220,220,220.0,17.994043350219727,36.381103681481406,0.7492051470366011,0.11099029534310348,2011-05-06,2011-05-17,23.0
221,221,221,221,221,221,221.0,19.01221739727518,36.52143345708432,1.3340626047388116,0.17974514339681,2011-05-18,2011-05-29,23.0
222,222,222,222,222,222,222.0,18.82864304951259,36.4551636832101,1.431502799791997,0.1546155586753708,2011-05-30,2011-06-10,28.0
223,223,223,223,223,223,223.0,19.435333251953125,36.45041347685314,1.3743312061601325,0.1267878365819187,2011-06-11,2011-06-22,21.0
224,224,224,224,224,224,224.0,19.66398116777528,36.446135179051815,1.2148769905836014,0.14908133126811876,2011-06-23,2011-07-04,53.0
225,225,225,225,225,225,225.0,20.101352878645354,36.487966696421296,1.1471503748874614,0.14644325484274898,2011-07-05,2011-07-16,51.0
226,226,226,226,226,226,226.0,20.689170350419715,36.55295863050095,0.4351115152823285,0.09750930146284993,2011-07-17,2011-07-28,47.0
227,227,227,227,227,227,227.0,21.12926926979652,36.5835740016057,0.4507720016346621,0.09859127461451543,2011-07-29,2011-08-09,52.0
228,228,228,228,228,228,228.0,21.835755369398328,36.67555974324544,0.4795026866485674,0.11397535664700055,2011-08-10,2011-08-21,45.0
229,229,229,229,229,229,229.0,22.51969224978716,36.686678764147636,0.2916579207439826,0.07334416119551923,2011-08-22,2011-09-02,39.0
230,230,230,230,230,230,230.0,22.59795007705689,36.67480239868164,0.3490565361170581,0.09172620200677843,2011-09-03,2011-09-14,40.0
231,231,231,231,231,231,231.0,22.369266700744628,36.69613380432129,0.3975301507165845,0.08608472818667898,2011-09-15,2011-09-26,35.0
232,232,232,232,232,232,232.0,22.66492095746493,36.713477184897975,0.4084474041477804,0.1026012042971748,2011-09-27,2011-10-08,43.0
233,233,233,233,233,233,233.0,22.708882331848145,36.776739232680384,0.1984485827091563,0.06854573877363297,2011-10-09,2011-10-20,39.0
234,234,234,234,234,234,234.0,22.13651620188067,36.758977582377774,0.24756201155334565,0.057107486198664924,2011-10-21,2011-11-01,36.0
235,235,235,235,235,235,235.0,21.137631617094343,36.57472811247173,0.2976466575403521,0.11874080590641205,2011-11-02,2011-11-13,43.0
236,236,236,236,236,236,236.0,19.542161326254565,36.532966982933786,0.9756807478760918,0.14286514773279427,2011-11-14,2011-11-25,36.0
237,237,237,237,237,237,237.0,18.85711129506429,36.54323493109809,0.7668879747069405,0.11717136157374215,2011-11-26,2011-12-07,41.0
238,238,238,238,238,238,238.0,18.631395384322765,36.57954726108285,0.8786757132169182,0.1768695152551711,2011-12-08,2011-12-19,48.0
239,239,239,239,239,239,239.0,18.05223088386732,36.51280985123071,0.5211086699253148,0.11497195067189428,2011-12-20,2011-12-31,44.0
240,240,240,240,240,240,240.0,17.410353645911588,36.48172466571514,0.7828901193427752,0.1506420007239046,2012-01-01,2012-01-13,75.0
241,241,241,241,241,241,241.0,18.02929973602295,36.65410957336426,0.4932356532704773,0.06538987746281462,2012-01-14,2012-01-26,16.0
242,242,242,242,242,242,242.0,17.290916601816814,36.55103302001953,0.3153834741432435,0.06778672227395705,2012-01-27,2012-02-08,17.0
243,243,243,243,243,243,243.0,16.54995246160598,36.47704841977074,0.30941866353637465,0.046143994493736934,2012-02-09,2012-02-21,26.0
244,244,244,244,244,244,244.0,16.562210785715205,36.48642268933748,0.4343922113583592,0.07128038263011255,2012-02-22,2012-03-05,19.0
245,245,245,245,245,245,245.0,16.55799980163574,36.483131917317706,0.514247164362809,0.08191681933285475,2012-03-06,2012-03-18,15.0
246,246,246,246,246,246,246.0,17.037130521691367,36.54258329971977,0.4427729987768517,0.07526027576023613,2012-03-19,2012-03-30,23.0
247,247,247,247,247,247,247.0,17.283238183884393,36.51914850870768,0.27710831963210525,0.07693384991893233,2012-03-31,2012-04-11,21.0
248,248,248,248,248,248,248.0,17.395583470662437,36.559898058573395,0.2850345698828072,0.057871324093557865,2012-04-12,2012-04-23,12.0
249,249,249,249,249,249,249.0,17.652899742126465,36.592784118652354,0.15739717999921612,0.03438336655392212,2012-04-24,2012-05-05,10.0
250,250,250,250,250,250,250.0,17.901064411286388,36.47405513640373,0.6749548702572148,0.0928230430301575,2012-05-06,2012-05-17,31.0
251,251,251,251,251,251,251.0,17.918912218328106,36.39140828450521,1.229119536031513,0.1469051883621553,2012-05-18,2012-05-29,62.0
252,252,252,252,252,252,252.0,18.823563593084163,36.416824618252846,1.2354600742398665,0.162966479468655,2012-05-30,2012-06-10,60.0
253,253,253,253,253,253,253.0,20.069392185585173,36.476474313174975,0.8266122658428946,0.13485896003964354,2012-06-11,2012-06-22,51.0
254,254,254,254,254,254,254.0,20.565333331072768,36.455399407280815,1.0588120199206137,0.1660612743117509,2012-06-23,2012-07-04,54.0
255,255,255,255,255,255,255.0,20.77754704457409,36.52501808022553,0.8685831614944814,0.09734865106630372,2012-07-05,2012-07-16,53.0
256,256,256,256,256,256,256.0,21.06870955805625,36.568302339123136,1.0873787142789866,0.11604761467550527,2012-07-17,2012-07-28,62.0
257,257,257,257,257,257,257.0,21.736533419291177,36.58155574798585,0.9042112985587918,0.08078098840282377,2012-07-29,2012-08-09,60.0
258,258,258,258,258,258,258.0,22.54749992915563,36.62253071012951,0.941695447946058,0.09806015778250488,2012-08-10,2012-08-21,42.0
259,259,259,259,259,259,259.0,23.11142108314916,36.6762366043894,0.9617775735642528,0.09747243888580424,2012-08-22,2012-09-02,38.0
260,260,260,260,260,260,260.0,23.20264434814453,36.638700527615015,0.5639674920331564,0.15185938824192907,2012-09-03,2012-09-14,45.0
261,261,261,261,261,261,261.0,22.90333924974714,36.60925224849157,1.6591235091238172,0.18436355171771915,2012-09-15,2012-09-26,56.0
262,262,262,262,262,262,262.0,22.69853343963623,36.62367280324301,1.438494589979619,0.17384172710574292,2012-09-27,2012-10-08,60.0
263,263,263,263,263,263,263.0,22.72086766186883,36.62143079317533,0.9007254391123086,0.18058554886159486,2012-10-09,2012-10-20,68.0
264,264,264,264,264,264,264.0,22.023938284979923,36.62880358283903,0.7823435910975834,0.1880504165306592,2012-10-21,2012-11-01,81.0
265,265,265,265,265,265,265.0,20.99124643077021,36.54345255312713,0.8480644192854708,0.12526627928891454,2012-11-02,2012-11-13,69.0
266,266,266,266,266,266,266.0,20.05418575831822,36.55390134538923,0.7974285554856955,0.09526174867999902,2012-11-14,2012-11-25,70.0
267,267,267,267,267,267,267.0,18.951060526298754,36.54093956224846,0.7892714986382741,0.07811047490882042,2012-11-26,2012-12-07,66.0
268,268,268,268,268,268,268.0,18.025475548534857,36.48957885183939,0.8259024444087142,0.11320082405784784,2012-12-08,2012-12-19,82.0
269,269,269,269,269,269,269.0,17.863901185400692,36.48463213885272,0.918416939005442,0.132420320548084,2012-12-20,2012-12-31,81.0
270,270,270,270,270,270,270.0,17.441940279149293,36.465264334607475,0.8257383666204237,0.1361537480463378,2013-01-01,2013-01-13,67.0
271,271,271,271,271,271,271.0,17.54992552006498,36.47191445370938,0.7236427754400941,0.1010045859508122,2013-01-14,2013-01-26,94.0
272,272,272,272,272,272,272.0,17.535720043182373,36.488804931640615,0.514697519817176,0.11532187212885665,2013-01-27,2013-02-08,100.0
273,273,273,273,273,273,273.0,16.58223005311679,36.417002551323534,0.7730864408168557,0.10805408907848632,2013-02-09,2013-02-21,113.0
274,274,274,274,274,274,274.0,16.467288585809566,36.39709850457999,0.5903073013435387,0.07441687286056423,2013-02-22,2013-03-06,104.0
275,275,275,275,275,275,275.0,16.064483229319254,36.34198710123698,0.616786836408156,0.0876627128387432,2013-03-07,2013-03-18,120.0
276,276,276,276,276,276,276.0,16.208076929434753,36.3477110740466,0.9135780325465008,0.12600852700880785,2013-03-19,2013-03-30,83.0
277,277,277,277,277,277,277.0,16.635212725781386,36.36228232688092,0.6261982001270823,0.09394587497866172,2013-03-31,2013-04-11,94.0
278,278,278,278,278,278,278.0,17.179233041781824,36.31140184865414,0.664438020558814,0.1384042324532975,2013-04-12,2013-04-23,103.0
279,279,279,279,279,279,279.0,17.273588848114013,36.3514655219184,0.742292359538218,0.11654625080144936,2013-04-24,2013-05-05,90.0
280,280,280,280,280,280,280.0,17.830833401596337,36.402034558747935,0.7689582614082909,0.1149674356915698,2013-05-06,2013-05-17,114.0
281,281,281,281,281,281,281.0,17.979752570083466,36.48788542600022,0.6701708575207271,0.09807086309475843,2013-05-18,2013-05-29,97.0
282,282,282,282,282,282,282.0,18.022656222184487,36.46834679444631,0.6777150087536811,0.13776307843823188,2013-05-30,2013-06-10,96.0
283,283,283,283,283,283,283.0,18.78409678961641,36.43475961172452,0.6586485516418449,0.09704930783812613,2013-06-11,2013-06-22,93.0
284,284,284,284,284,284,284.0,19.064060188201534,36.48042320343385,0.6804277919035514,0.09533505271446116,2013-06-23,2013-07-04,83.0
285,285,285,285,285,285,285.0,20.279690409463548,36.56652607993474,0.6172598233341178,0.07203774260178486,2013-07-05,2013-07-16,126.0
286,286,286,286,286,286,286.0,20.78893022759016,36.5301585495472,0.8889398210097507,0.11569497154911587,2013-07-17,2013-07-28,129.0
287,287,287,287,287,287,287.0,21.83786611897605,36.59919966970171,0.8003112884432395,0.12703582299984673,2013-07-29,2013-08-09,112.0
288,288,288,288,288,288,288.0,22.04786775131856,36.63411567624935,0.5588559738741009,0.12157563906555295,2013-08-10,2013-08-21,121.0
289,289,289,289,289,289,289.0,22.260099931196734,36.70103333213113,0.4359093330086167,0.13687689073300074,2013-08-22,2013-09-02,110.0
290,290,290,290,290,290,290.0,22.24121736443561,36.71621275639188,0.4142705796103052,0.08525457077983553,2013-09-03,2013-09-14,138.0
291,291,291,291,291,291,291.0,22.351999992181447,36.7112643029079,0.4559813495604442,0.06766304271913172,2013-09-15,2013-09-26,121.0
292,292,292,292,292,292,292.0,22.355471079166122,36.67888369927039,0.5292287361362871,0.08119558473208299,2013-09-27,2013-10-08,104.0
293,293,293,293,293,293,293.0,22.400483034424862,36.69860746092716,0.5333260017230433,0.13428829209515852,2013-10-09,2013-10-20,118.0
294,294,294,294,294,294,294.0,22.038000046579466,36.649308656391355,0.4816582801475152,0.10583564415739734,2013-10-21,2013-11-01,98.0
295,295,295,295,295,295,295.0,21.204945925119766,36.62913533803579,0.5098098410296226,0.116799371560629,2013-11-02,2013-11-13,148.0
296,296,296,296,296,296,296.0,20.22968795451712,36.60818549081789,0.5486940609757808,0.10466600753578596,2013-11-14,2013-11-25,141.0
297,297,297,297,297,297,297.0,19.45374187346428,36.59908993013443,0.4728068287109578,0.09460796220494967,2013-11-26,2013-12-07,124.0
298,298,298,298,298,298,298.0,18.86325874862137,36.5780178416859,0.715155144175864,0.11024801425026774,2013-12-08,2013-12-19,143.0
299,299,299,299,299,299,299.0,18.205866115299735,36.52903342059278,0.7942656477332617,0.12944237900904176,2013-12-20,2013-12-31,127.0
300,300,300,300,300,300,300.0,18.20061316107311,36.56602430691685,0.5385144055966963,0.09847319022934664,2014-01-01,2014-01-13,137.0
301,301,301,301,301,301,301.0,17.681268852298,36.53669959957861,0.8470231557178105,0.136700207720685,2014-01-14,2014-01-26,119.0
302,302,302,302,302,302,302.0,17.438618714860876,36.53388642235626,0.7096236842211209,0.11145493053677843,2014-01-27,2014-02-08,139.0
303,303,303,303,303,303,303.0,16.81523210144043,36.46244915771484,0.6960570193386071,0.11515926690718985,2014-02-09,2014-02-21,125.0
304,304,304,304,304,304,304.0,16.114999975981537,36.80324701379847,1.553334653729231,0.7114597951369126,2014-02-22,2014-03-06,137.0
305,305,305,305,305,305,305.0,16.790830135345463,36.4529664021618,0.8310830052246577,0.16339600098957294,2014-03-07,2014-03-18,106.0
306,306,306,306,306,306,306.0,16.998707290587387,36.49156086619308,0.552099933379016,0.1025490344678481,2014-03-19,2014-03-30,123.0
307,307,307,307,307,307,307.0,16.859919181977858,36.43949816925357,0.6025353715344623,0.08117817367556661,2014-03-31,2014-04-11,99.0
308,308,308,308,308,308,308.0,17.61371818889271,36.43838962208141,0.5815606103917322,0.08388610668369773,2014-04-12,2014-04-23,110.0
309,309,309,309,309,309,309.0,17.868070200869912,36.45456233777498,0.384963942418578,0.08455935497723104,2014-04-24,2014-05-05,114.0
310,310,310,310,310,310,310.0,18.337989429632824,36.45949824651083,0.5384644062826388,0.10775634945057036,2014-05-06,2014-05-17,96.0
311,311,311,311,311,311,311.0,18.375060942114853,36.42511888829673,0.8270066273526315,0.16803624467682615,2014-05-18,2014-05-29,82.0
312,312,312,312,312,312,312.0,18.639210570485968,36.44670446295487,0.7175165781895692,0.16018737233374433,2014-05-30,2014-06-10,95.0
313,313,313,313,313,313,313.0,19.737305289820625,36.432706038157136,0.8036931077063408,0.16192479654254427,2014-06-11,2014-06-22,98.0
314,314,314,314,314,314,314.0,20.67761264835392,36.54122612068245,0.5895633314722538,0.16564788525057111,2014-06-23,2014-07-04,111.0
315,315,315,315,315,315,315.0,20.94037039015028,36.56855296382198,0.5404107372799161,0.17588608391929708,2014-07-05,2014-07-16,135.0
316,316,316,316,316,316,316.0,21.585910914695425,36.51270952616653,0.6651548128848478,0.15529578797027266,2014-07-17,2014-07-28,146.0
317,317,317,317,317,317,317.0,22.03277783923679,36.61644070236771,0.6045945817291003,0.15562879280867628,2014-07-29,2014-08-09,108.0
318,318,318,318,318,318,318.0,22.87255945582848,36.588833418759435,0.6828367335593934,0.1293484840261526,2014-08-10,2014-08-21,177.0
319,319,319,319,319,319,319.0,23.5322056529678,36.616811984053285,1.1771367143081892,0.1187678006849392,2014-08-22,2014-09-02,109.0
320,320,320,320,320,320,320.0,23.768214920970877,36.51988900771163,0.5929812083026803,0.18057194543715294,2014-09-03,2014-09-14,214.0
321,321,321,321,321,321,321.0,23.312814222063338,36.59768325260708,0.5365174180243985,0.1630284860316447,2014-09-15,2014-09-26,141.0
322,322,322,322,322,322,322.0,23.12254536235249,36.57856566422468,0.5842666234654098,0.18880131796390512,2014-09-27,2014-10-08,143.0
323,323,323,323,323,323,323.0,22.641292752446354,36.62107373143103,0.4214177856056499,0.13603816143975295,2014-10-09,2014-10-20,222.0
324,324,324,324,324,324,324.0,22.48136410134376,36.53912013941417,0.6236011728059695,0.2283915276754932,2014-10-21,2014-11-01,176.0
325,325,325,325,325,325,325.0,21.790842346523124,36.56995149280714,0.6653267675378592,0.17373787332337062,2014-11-02,2014-11-13,184.0
326,326,326,326,326,326,326.0,20.84254242201983,36.54665213116144,0.4934382535305785,0.14367967123079586,2014-11-14,2014-11-25,177.0
327,327,327,327,327,327,327.0,19.190546145805946,36.44765953650841,0.8028098952093059,0.1685314965612529,2014-11-26,2014-12-07,260.0
328,328,328,328,328,328,328.0,18.420514862136084,36.477330141728466,0.5536368939646688,0.1300181742904541,2014-12-08,2014-12-19,202.0
329,329,329,329,329,329,329.0,17.571482587216504,36.437473164268994,0.5945509569838657,0.13792698422468475,2014-12-20,2014-12-31,201.0
330,330,330,330,330,330,330.0,17.487290043830868,36.49006999969483,0.6423368384243903,0.11995210382629368,2015-01-01,2015-01-13,200.0
331,331,331,331,331,331,331.0,17.070868882976598,36.459212068651546,0.4594037040653879,0.1113306163677203,2015-01-14,2015-01-26,122.0
332,332,332,332,332,332,332.0,16.56973448715641,36.38338920894989,0.38219753417196783,0.1423230383890508,2015-01-27,2015-02-08,177.0
333,333,333,333,333,333,333.0,16.173125034028832,36.332835392518476,0.6331740834326129,0.18189511336858666,2015-02-09,2015-02-21,176.0
334,334,334,334,334,334,334.0,15.898734272776785,36.316855770724636,0.4457576907047756,0.1065712924293408,2015-02-22,2015-03-06,143.0
335,335,335,335,335,335,335.0,16.39591136159776,36.3958979980855,0.4752547793377615,0.08589505101669273,2015-03-07,2015-03-18,158.0
336,336,336,336,336,336,336.0,15.834350933302321,36.310787099876144,0.8206383073759943,0.16756772592512886,2015-03-19,2015-03-30,151.0
337,337,337,337,337,337,337.0,16.339008651930715,36.388539130227606,0.4542786064530935,0.07863936100690687,2015-03-31,2015-04-11,116.0
338,338,338,338,338,338,338.0,17.06629654512567,36.4150753667799,0.4283302735943797,0.07911958645959544,2015-04-12,2015-04-23,118.0
339,339,339,339,339,339,339.0,17.535568157831833,36.37955801414721,0.5737656256611349,0.1293457372589063,2015-04-24,2015-05-05,132.0
340,340,340,340,340,340,340.0,18.277257859332007,36.41497589207295,0.705650070288234,0.1260625951637624,2015-05-06,2015-05-17,159.0
341,341,341,341,341,341,341.0,18.20948883339211,36.38052800496419,0.7770435874574618,0.17309652976578244,2015-05-18,2015-05-29,135.0
342,342,342,342,342,342,342.0,18.690617617438818,36.4081766465131,0.9233554743512924,0.18541791726817392,2015-05-30,2015-06-10,102.0
343,343,343,343,343,343,343.0,19.531741870346888,36.454623806861136,0.5986734456748496,0.12388827727783135,2015-06-11,2015-06-22,93.0
344,344,344,344,344,344,344.0,20.604342996506464,36.50103999546596,0.7838495232514628,0.16451729396418768,2015-06-23,2015-07-04,105.0
345,345,345,345,345,345,345.0,21.207626963418626,36.489039769248365,0.9588482219662556,0.1330847493040175,2015-07-05,2015-07-16,126.0
346,346,346,346,346,346,346.0,22.379341789438755,36.49318332913556,1.0477219318654571,0.2090020117230111,2015-07-17,2015-07-28,160.0
347,347,347,347,347,347,347.0,22.790360907831136,36.526159974950296,1.4724121258892933,0.26654433748767675,2015-07-29,2015-08-09,172.0
348,348,348,348,348,348,348.0,22.83811594092328,36.61788362696551,1.2983765077344105,0.26135200079074805,2015-08-10,2015-08-21,140.0
349,349,349,349,349,349,349.0,23.129530285343986,36.6089168028398,1.034861041543326,0.23587648681951645,2015-08-22,2015-09-02,133.0
350,350,350,350,350,350,350.0,23.208750009536747,36.625152561399666,0.950848781002418,0.20360501975653367,2015-09-03,2015-09-14,144.0
351,351,351,351,351,351,351.0,23.16190653739216,36.64016547992074,0.9288073925805141,0.19972505132151644,2015-09-15,2015-09-26,139.0
352,352,352,352,352,352,352.0,23.04113728392358,36.65004563175775,0.7016203802729366,0.13516618030604236,2015-09-27,2015-10-08,153.0
353,353,353,353,353,353,353.0,22.65153681530672,36.661786500145396,0.7419824959726159,0.1253946780038116,2015-10-09,2015-10-20,136.0
354,354,354,354,354,354,354.0,21.455311826480333,36.5414192855999,0.9606030666315092,0.12772962121266224,2015-10-21,2015-11-01,93.0
355,355,355,355,355,355,355.0,20.88551038503647,36.514718532562256,0.8100447003205521,0.1377502058229886,2015-11-02,2015-11-13,96.0
356,356,356,356,356,356,356.0,20.611485935817253,36.52081341609777,0.7810830940811513,0.1280417997545016,2015-11-14,2015-11-25,109.0
357,357,357,357,357,357,357.0,19.63170367700082,36.535370332223394,0.6163163113608331,0.10698975504913022,2015-11-26,2015-12-07,108.0
358,358,358,358,358,358,358.0,19.32675226599769,36.5335044523256,0.5272427392806719,0.10572521095443613,2015-12-08,2015-12-19,113.0
359,359,359,359,359,359,359.0,18.719797034012643,36.44149631127379,0.6932934072999661,0.13141164477388564,2015-12-20,2015-12-31,133.0
360,360,360,360,360,360,360.0,18.193027305603028,36.43852736733177,0.6002899895265389,0.0941537864604821,2016-01-01,2016-01-13,110.0
361,361,361,361,361,361,361.0,17.917999884094854,36.429050638218115,0.7239722354935724,0.10717386297685387,2016-01-14,2016-01-26,99.0
362,362,362,362,362,362,362.0,17.73759304090988,36.42152881622315,0.7323340202425314,0.15669370369375596,2016-01-27,2016-02-08,172.0
363,363,363,363,363,363,363.0,17.669316200649035,36.4675295493182,0.7564868145832807,0.1097099966588011,2016-02-09,2016-02-21,136.0
364,364,364,364,364,364,364.0,17.134178905952272,36.423081281708505,0.8455558187179342,0.14736214533644235,2016-02-22,2016-03-05,123.0
365,365,365,365,365,365,365.0,16.760755843894426,36.403593218603795,0.8501342356857173,0.14919040139742493,2016-03-06,2016-03-18,172.0
366,366,366,366,366,366,366.0,16.759882357941954,36.402058801731144,0.7342858656913706,0.11914236753558315,2016-03-19,2016-03-30,119.0
367,367,367,367,367,367,367.0,17.102262265473893,36.490737729859575,0.5411711766692754,0.08877314833799356,2016-03-31,2016-04-11,103.0
368,368,368,368,368,368,368.0,17.598028200977254,36.49133995344054,0.3771695516408988,0.043452545623226084,2016-04-12,2016-04-23,106.0
369,369,369,369,369,369,369.0,17.800452826158054,36.44884886831608,0.6271219447179228,0.1063144810874588,2016-04-24,2016-05-05,106.0
370,370,370,370,370,370,370.0,18.04473339716593,36.46864999135335,0.5596881291410091,0.08296827976213382,2016-05-06,2016-05-17,120.0
371,371,371,371,371,371,371.0,18.382414686001415,36.412593407359545,0.5987229798173361,0.1393757131821742,2016-05-18,2016-05-29,123.0
372,372,372,372,372,372,372.0,19.496184198479906,36.46650886535645,0.523101516111234,0.16125820778747024,2016-05-30,2016-06-10,114.0
373,373,373,373,373,373,373.0,20.443257141113282,36.54654272170294,0.4248699724679365,0.10491985231630924,2016-06-11,2016-06-22,105.0
374,374,374,374,374,374,374.0,20.766999937530255,36.53553827399882,0.1721012084475889,0.08458200554607183,2016-06-23,2016-07-04,117.0
375,375,375,375,375,375,375.0,20.76937898334704,36.50427338449578,0.5564644028653274,0.2654351813389018,2016-07-05,2016-07-16,95.0
376,376,376,376,376,376,376.0,21.716307648226753,36.55741852980394,0.6324833997556399,0.23833866318594985,2016-07-17,2016-07-28,117.0
377,377,377,377,377,377,377.0,22.110581900856705,36.61495441089977,0.6850396399697151,0.07066525130678088,2016-07-29,2016-08-09,110.0
378,378,378,378,378,378,378.0,22.84637596130371,36.588343994140615,0.4091830702516897,0.06413178590841374,2016-08-10,2016-08-21,125.0
379,379,379,379,379,379,379.0,23.199076890945435,36.60713485571054,0.5448209328535669,0.1387212388859858,2016-08-22,2016-09-02,104.0
380,380,380,380,380,380,380.0,23.47187144415719,36.62312913622175,0.4875688996315032,0.12084532533181272,2016-09-03,2016-09-14,140.0
381,381,381,381,381,381,381.0,22.81320395978909,36.619067923536576,0.6433996284473262,0.13639150504263295,2016-09-15,2016-09-26,103.0
382,382,382,382,382,382,382.0,22.218243783261595,36.59052879269385,0.91278914895125,0.1419987029917714,2016-09-27,2016-10-08,119.0
383,383,383,383,383,383,383.0,21.333787648023762,36.54495593720833,1.466385476916836,0.2057891993347241,2016-10-09,2016-10-20,113.0
384,384,384,384,384,384,384.0,21.452525758251703,36.534463548168695,1.1380905559131729,0.20674916302052013,2016-10-21,2016-11-01,97.0
385,385,385,385,385,385,385.0,21.145814895629886,36.51509256716128,0.8756765041070778,0.19558822261632244,2016-11-02,2016-11-13,108.0
386,386,386,386,386,386,386.0,20.629708263609146,36.56977785958184,0.5282430482926516,0.06693056613321434,2016-11-14,2016-11-25,72.0
387,387,387,387,387,387,387.0,19.61388413802437,36.49420282115107,0.3181569286038296,0.056718210200658925,2016-11-26,2016-12-07,69.0
388,388,388,388,388,388,388.0,19.478622968079613,36.5485574691022,0.3167734565953751,0.0658936782384795,2016-12-08,2016-12-19,61.0
389,389,389,389,389,389,389.0,18.696869615195453,36.49540649635205,0.4050928425168525,0.09537358630038628,2016-12-20,2016-12-31,69.0
390,390,390,390,390,390,390.0,18.110607169923327,36.46541618165515,0.3835999312846633,0.06292278387345204,2017-01-01,2017-01-13,84.0
391,391,391,391,391,391,391.0,17.71352246981948,36.48438792442208,0.4409434148767653,0.05408848304662868,2017-01-14,2017-01-26,67.0
392,392,392,392,392,392,392.0,17.234777803774232,36.440795827794965,0.449676650788002,0.08097675220990441,2017-01-27,2017-02-08,54.0
393,393,393,393,393,393,393.0,16.940341864960107,36.40797496747367,0.4989842123625996,0.08021380770433112,2017-02-09,2017-02-21,79.0
394,394,394,394,394,394,394.0,16.914732395763128,36.418140841202,0.3949034756198495,0.06481424785373133,2017-02-22,2017-03-06,71.0
395,395,395,395,395,395,395.0,16.996090831178606,36.417408509687945,0.3931208422460632,0.060731352803806565,2017-03-07,2017-03-18,66.0
396,396,396,396,396,396,396.0,16.75415775232148,36.39719317252176,0.478207381808438,0.08973022443024734,2017-03-19,2017-03-30,57.0
397,397,397,397,397,397,397.0,16.823219497029378,36.30357314319145,0.6267036621894395,0.1886990748909451,2017-03-31,2017-04-11,82.0
398,398,398,398,398,398,398.0,17.799472704800692,36.379600247469824,0.5139177600530688,0.1093769314963305,2017-04-12,2017-04-23,55.0
399,399,399,399,399,399,399.0,18.65501359991125,36.44598651576687,0.8879244551471297,0.11623757932091246,2017-04-24,2017-05-05,74.0
400,400,400,400,400,400,400.0,19.26655706678118,36.46338544573103,0.7648097273929114,0.11300856299501748,2017-05-06,2017-05-17,70.0
401,401,401,401,401,401,401.0,19.388396389079546,36.466698700526976,0.8238832092229129,0.12573109895908804,2017-05-18,2017-05-29,53.0
402,402,402,402,402,402,402.0,19.740409713193603,36.43990344311817,0.6535197844343853,0.1587214079201474,2017-05-30,2017-06-10,83.0
403,403,403,403,403,403,403.0,20.68484205948679,36.58794754429867,0.3898781413270176,0.11526386981925507,2017-06-11,2017-06-22,38.0
404,404,404,404,404,404,404.0,21.601315849705745,36.5519824780916,0.35339828665800843,0.10982856425872524,2017-06-23,2017-07-04,57.0
405,405,405,405,405,405,405.0,21.87222408426219,36.599999921075224,0.6617990262384351,0.1062659175646591,2017-07-05,2017-07-16,58.0
406,406,406,406,406,406,406.0,22.19044439527724,36.65697801378038,0.42904975731154255,0.15787922830216067,2017-07-17,2017-07-28,45.0
407,407,407,407,407,407,407.0,22.25883344014486,36.610600026448566,0.6192356748737178,0.16543044688130648,2017-07-29,2017-08-09,60.0
408,408,408,408,408,408,408.0,22.82476921081543,36.703338036170365,0.3314954868000539,0.1819305239631073,2017-08-10,2017-08-21,65.0
409,409,409,409,409,409,409.0,23.19524293627057,36.66420037405832,0.4544002724158719,0.18355999388652228,2017-08-22,2017-09-02,70.0
410,410,410,410,410,410,410.0,23.046028190935157,36.709901406731404,0.3305425407867493,0.16843558027969965,2017-09-03,2017-09-14,71.0
411,411,411,411,411,411,411.0,22.32977424129363,36.65461263348979,0.5963380025306103,0.15050773424500904,2017-09-15,2017-09-26,93.0
412,412,412,412,412,412,412.0,22.653812497854233,36.74168747663497,0.4628856454460158,0.1422122747293132,2017-09-27,2017-10-08,64.0
413,413,413,413,413,413,413.0,22.672488256942398,36.73383699461471,0.5072363927497505,0.1807496964745116,2017-10-09,2017-10-20,86.0
414,414,414,414,414,414,414.0,22.352876309267025,36.69848506966817,0.5533794280254906,0.18879057550259248,2017-10-21,2017-11-01,97.0
415,415,415,415,415,415,415.0,21.48974475454777,36.681542700909546,0.7658304829879445,0.16213961374410102,2017-11-02,2017-11-13,94.0
416,416,416,416,416,416,416.0,21.69099934895833,36.84766642252604,0.011357707200422205,0.000577033121214607,2017-11-14,2017-11-25,3.0
